sex,PR_Q4_vs_Q1,ci_low,ci_high,chi2_p
Female,0.9482165575083635,0.7553608559926659,1.1903114025566366,0.6466821850106796
Male,1.1362428842504744,0.858366127810488,1.5040759999500788,0.3716887181787063
