Feature ID,Feature,System,Feature type,Cohen's d (B − A),95% CI lower,95% CI upper,Cluster A mean,Cluster B mean,Prevalence difference (B − A),P,Adj. P,Cluster A (n),Cluster B (n),Significant (adj. P < 0.05),Unit
bt__hdl_cholesterol,HDL cholesterol,Blood lipids,continuous,-0.175,-0.337,-0.013,65.0167,62.6805,,0.097,0.388,309,278,No,
bt__non_hdl_cholesterol,Non HDL cholesterol,Blood lipids,continuous,-0.085,-0.253,0.082,131.335,128.415,,0.309,0.479,294,258,No,
bt__total_cholesterol,Total cholesterol,Blood lipids,continuous,-0.103,-0.266,0.059,196.292,192.457,,0.359,0.479,309,277,No,
bt__triglycerides,Triglycerides,Blood lipids,continuous,0.054,-0.108,0.215,87.1366,89.5161,,0.948,0.948,311,279,No,
body_comp_legs_fat_mass,Legs fat mass,Body composition,continuous,-0.942,-1.034,-0.85,8.56084,6.96569,,4.6e-92,5.4e-90,1002,1001,Yes,kg
body_comp_leg_left_fat_mass,Leg left fat mass,Body composition,continuous,-0.936,-1.028,-0.844,4.24711,3.45664,,5.7e-91,3.4e-89,1002,1001,Yes,kg
body_comp_leg_right_fat_mass,Leg right fat mass,Body composition,continuous,-0.933,-1.025,-0.84,4.31373,3.50903,,2.3e-90,9.1e-89,1002,1001,Yes,kg
body_comp_gynoid_fat_mass,Gynoid fat mass,Body composition,continuous,-0.75,-0.84,-0.659,4.2743,3.63605,,3.3e-60,9.8e-59,1002,1001,Yes,kg
body_comp_total_right_fat_mass,Total right fat mass,Body composition,continuous,-0.6,-0.69,-0.511,11.1976,9.66943,,6.8e-44,1.6e-42,1002,1001,Yes,kg
body_comp_total_fat_mass,Total fat mass,Body composition,continuous,-0.6,-0.689,-0.51,22.3938,19.3189,,9.4e-44,1.8e-42,1002,1001,Yes,kg
body_comp_total_left_fat_mass,Total left fat mass,Body composition,continuous,-0.596,-0.685,-0.506,11.1962,9.64942,,4e-43,6.6e-42,1002,1001,Yes,kg
body_comp_arms_fat_mass,Arms fat mass,Body composition,continuous,-0.579,-0.669,-0.49,2.43307,2.08656,,1e-41,1.5e-40,1002,1001,Yes,kg
body_comp_arm_left_fat_mass,Arm left fat mass,Body composition,continuous,-0.582,-0.672,-0.493,1.21578,1.03867,,2.9e-41,3.8e-40,1002,1001,Yes,kg
body_comp_arm_right_fat_mass,Arm right fat mass,Body composition,continuous,-0.554,-0.643,-0.465,1.21728,1.0479,,2e-39,2.3e-38,1002,1001,Yes,kg
body_comp_arm_right_lean_mass,Arm right lean mass,Body composition,continuous,0.56,0.471,0.65,1.89025,2.07046,,2.7e-33,2.9e-32,1002,1001,Yes,kg
body_comp_arms_lean_mass,Arms lean mass,Body composition,continuous,0.555,0.466,0.645,3.68724,4.03311,,3.2e-33,3.1e-32,1002,1001,Yes,kg
body_comp_arm_right_fat_free_mass,Arm right fat free mass,Body composition,continuous,0.551,0.462,0.64,2.0201,2.2047,,2.7e-32,2.5e-31,1002,1001,Yes,
body_comp_arms_fat_free_mass,Arms fat free mass,Body composition,continuous,0.545,0.456,0.634,3.94346,4.29765,,3.7e-32,3.1e-31,1002,1001,Yes,
body_comp_total_lean_mass,Total lean mass,Body composition,continuous,0.526,0.437,0.615,37.0212,39.3959,,7.2e-30,5.6e-29,1002,1001,Yes,kg
body_comp_total_left_lean_mass,Total left lean mass,Body composition,continuous,0.522,0.433,0.611,18.5377,19.7291,,7.8e-30,5.7e-29,1002,1001,Yes,kg
body_comp_trunk_lean_mass,Trunk lean mass,Body composition,continuous,0.518,0.429,0.607,18.3563,19.5418,,1.5e-29,1e-28,1002,1001,Yes,kg
body_comp_arm_left_lean_mass,Arm left lean mass,Body composition,continuous,0.517,0.428,0.606,1.79698,1.96264,,1.6e-29,1e-28,1002,1001,Yes,kg
body_comp_trunk_fat_free_mass,Trunk fat free mass,Body composition,continuous,0.512,0.423,0.601,18.9646,20.1698,,4.9e-29,3e-28,1002,1001,Yes,
body_comp_total_left_fat_free_mass,Total left fat free mass,Body composition,continuous,0.511,0.422,0.6,19.5685,20.7875,,9.6e-29,5.6e-28,1002,1001,Yes,
body_comp_arm_left_fat_free_mass,Arm left fat free mass,Body composition,continuous,0.508,0.419,0.597,1.92336,2.09295,,1.1e-28,6e-28,1002,1001,Yes,
total_scan_sat_area,Total scan SAT area,Body composition,continuous,-0.492,-0.581,-0.403,150.968,122.638,,1.2e-28,6.3e-28,1001,1000,Yes,cm²
body_comp_total_fat_free_mass,Total fat free mass,Body composition,continuous,0.514,0.425,0.603,39.1401,41.5691,,1.5e-28,7.4e-28,1002,1001,Yes,
total_scan_sat_volume,Total scan SAT volume,Body composition,continuous,-0.488,-0.577,-0.399,1344.86,1090.1,,1.6e-28,7.8e-28,1001,1000,Yes,
body_comp_total_right_lean_mass,Total right lean mass,Body composition,continuous,0.516,0.427,0.605,18.4834,19.6668,,2e-28,9.2e-28,1002,1001,Yes,kg
body_comp_trunk_left_lean_mass,Trunk left lean mass,Body composition,continuous,0.506,0.417,0.595,9.39694,10.0018,,2.1e-28,9.3e-28,1002,1001,Yes,kg
body_comp_trunk_left_fat_free_mass,Trunk left fat free mass,Body composition,continuous,0.5,0.411,0.589,9.69659,10.311,,6.6e-28,2.8e-27,1002,1001,Yes,
body_comp_trunk_right_lean_mass,Trunk right lean mass,Body composition,continuous,0.5,0.411,0.589,8.95933,9.54003,,1.9e-27,7.9e-27,1002,1001,Yes,kg
body_comp_total_right_fat_free_mass,Total right fat free mass,Body composition,continuous,0.503,0.414,0.592,19.5717,20.7816,,4.5e-27,1.8e-26,1002,1001,Yes,
body_comp_trunk_right_fat_free_mass,Trunk right fat free mass,Body composition,continuous,0.495,0.406,0.583,9.26801,9.85882,,7e-27,2.7e-26,1002,1001,Yes,
total_scan_sat_mass,Total scan SAT mass,Body composition,continuous,0.075,-0.013,0.162,1.33306,1.75102,,1.4e-25,5.1e-25,1001,1000,Yes,
body_comp_leg_right_lean_mass,Leg right lean mass,Body composition,continuous,0.436,0.347,0.525,6.10254,6.50069,,2.3e-21,8.5e-21,1002,1001,Yes,kg
body_comp_legs_lean_mass,Legs lean mass,Body composition,continuous,0.436,0.348,0.525,12.1322,12.9156,,3e-21,1.1e-20,1002,1001,Yes,kg
body_comp_leg_right_fat_free_mass,Leg right fat free mass,Body composition,continuous,0.428,0.339,0.516,6.48045,6.88885,,1.2e-20,4.2e-20,1002,1001,Yes,
body_comp_legs_fat_free_mass,Legs fat free mass,Body composition,continuous,0.428,0.339,0.516,12.8839,13.6878,,1.7e-20,5.7e-20,1002,1001,Yes,
body_comp_gynoid_lean_mass,Gynoid lean mass,Body composition,continuous,0.428,0.339,0.516,5.66105,5.98848,,1.8e-20,6e-20,1002,1001,Yes,kg
body_comp_leg_left_lean_mass,Leg left lean mass,Body composition,continuous,0.427,0.338,0.515,6.02962,6.41488,,2.1e-20,6.7e-20,1002,1001,Yes,kg
body_comp_gynoid_fat_free_mass,Gynoid fat free mass,Body composition,continuous,0.425,0.337,0.514,5.85225,6.18773,,2.8e-20,8.6e-20,1002,1001,Yes,
body_comp_leg_left_fat_free_mass,Leg left fat free mass,Body composition,continuous,0.419,0.33,0.507,6.40346,6.79892,,8.5e-20,2.6e-19,1002,1001,Yes,
body_comp_android_fat_free_mass,Android fat free mass,Body composition,continuous,0.398,0.31,0.487,2.71314,2.86495,,7.5e-18,2.1e-17,1002,1001,Yes,
body_comp_android_lean_mass,Android lean mass,Body composition,continuous,0.399,0.31,0.487,2.67175,2.82204,,7.3e-18,2.1e-17,1002,1001,Yes,kg
body_comp_trunk_left_fat_mass,Trunk left fat mass,Body composition,continuous,-0.332,-0.42,-0.244,5.35656,4.77343,,1.9e-17,5.2e-17,1002,1001,Yes,kg
body_comp_trunk_fat_mass,Trunk fat mass,Body composition,continuous,-0.332,-0.42,-0.244,10.5982,9.45933,,2e-17,5.5e-17,1002,1001,Yes,kg
body_comp_trunk_right_fat_mass,Trunk right fat mass,Body composition,continuous,-0.329,-0.417,-0.241,5.24169,4.6859,,7.1e-17,1.9e-16,1002,1001,Yes,kg
body_comp_android_fat_mass,Android fat mass,Body composition,continuous,-0.311,-0.4,-0.223,1.60485,1.39892,,5.3e-16,1.4e-15,1002,1001,Yes,kg
hips,Hips,Body composition,continuous,-0.336,-0.423,-0.249,98.7163,96.5604,,1.4e-14,3.6e-14,1032,1033,Yes,
body_comp_legs_tissue_mass,Legs tissue mass,Body composition,continuous,-0.267,-0.355,-0.179,20.693,19.8813,,1.7e-09,4.3e-09,1002,1001,Yes,kg
body_comp_leg_left_tissue_mass,Leg left tissue mass,Body composition,continuous,-0.266,-0.354,-0.178,10.2767,9.87155,,2e-09,4.8e-09,1002,1001,Yes,kg
body_comp_leg_right_tissue_mass,Leg right tissue mass,Body composition,continuous,-0.262,-0.35,-0.174,10.4163,10.0097,,3e-09,7.2e-09,1002,1001,Yes,kg
body_comp_legs_total_mass,Legs total mass,Body composition,continuous,-0.254,-0.342,-0.166,21.4444,20.6527,,9.5e-09,2.2e-08,1002,1001,Yes,kg
body_comp_leg_left_total_mass,Leg left total mass,Body composition,continuous,-0.254,-0.342,-0.166,10.6505,10.2553,,1.2e-08,2.8e-08,1002,1001,Yes,kg
body_comp_leg_right_total_mass,Leg right total mass,Body composition,continuous,-0.249,-0.337,-0.161,10.7942,10.3993,,2e-08,4.4e-08,1002,1001,Yes,kg
body_comp_gynoid_bone_mass,Gynoid bone mass,Body composition,continuous,-0.041,-0.129,0.047,0.286205,0.199245,,6.7e-08,1.5e-07,1002,1001,Yes,kg
body_comp_gynoid_tissue_mass,Gynoid tissue mass,Body composition,continuous,-0.229,-0.317,-0.141,9.93534,9.62452,,2.9e-07,6.2e-07,1002,1001,Yes,kg
body_comp_gynoid_total_mass,Gynoid total mass,Body composition,continuous,-0.219,-0.307,-0.131,10.126,9.82367,,9.4e-07,2e-06,1002,1001,Yes,kg
body_comp_arm_right_bone_mass,Arm right bone mass,Body composition,continuous,-0.007,-0.095,0.081,4.18714,4.05329,,2.4e-06,5e-06,1002,1001,Yes,kg
body_comp_arms_bone_mass,Arms bone mass,Body composition,continuous,0.216,0.128,0.304,0.256217,0.264553,,3e-06,6.1e-06,1002,1001,Yes,kg
body_comp_legs_bone_mass,Legs bone mass,Body composition,continuous,0.18,0.092,0.268,0.751759,0.772199,,5.8e-05,0.00012,1002,1001,Yes,kg
body_comp_leg_right_bone_mass,Leg right bone mass,Body composition,continuous,0.18,0.092,0.267,0.377905,0.388172,,6.1e-05,0.00012,1002,1001,Yes,kg
body_comp_leg_left_bone_mass,Leg left bone mass,Body composition,continuous,0.178,0.091,0.266,0.373853,0.38403,,6e-05,0.00012,1002,1001,Yes,kg
body_comp_total_bone_mass,Total bone mass,Body composition,continuous,0.184,0.096,0.272,2.11895,2.17326,,6.6e-05,0.00013,1002,1001,Yes,kg
body_comp_arm_left_bone_mass,Arm left bone mass,Body composition,continuous,-0.024,-0.112,0.064,6.03027,5.495,,6.9e-05,0.00013,1002,1001,Yes,kg
body_comp_total_left_bone_mass,Total left bone mass,Body composition,continuous,0.183,0.096,0.271,1.03072,1.05842,,7.5e-05,0.00014,1002,1001,Yes,kg
body_comp_legs_diff_fat_mass,Legs diff fat mass,Body composition,continuous,-0.047,-0.134,0.041,0.428962,0.373964,,7.7e-05,0.00014,1002,1001,Yes,kg
body_comp_trunk_bone_mass,Trunk bone mass,Body composition,continuous,0.173,0.085,0.261,0.608328,0.627921,,0.00011,0.00019,1002,1001,Yes,kg
body_comp_trunk_right_bone_mass,Trunk right bone mass,Body composition,continuous,0.172,0.084,0.26,0.308679,0.318796,,0.00012,0.00022,1002,1001,Yes,kg
body_comp_total_right_bone_mass,Total right bone mass,Body composition,continuous,0.166,0.079,0.254,1.08824,1.11485,,0.0002,0.00035,1002,1001,Yes,kg
body_comp_trunk_left_bone_mass,Trunk left bone mass,Body composition,continuous,0.166,0.078,0.254,0.299641,0.309143,,0.00024,0.00042,1002,1001,Yes,kg
body_comp_android_bone_mass,Android bone mass,Body composition,continuous,0.19,0.102,0.277,41.2785,42.9116,,0.00041,0.00069,1002,1001,Yes,kg
total_scan_vat_volume,Total scan VAT volume,Body composition,continuous,-0.056,-0.144,0.032,485.314,463.971,,0.002,0.003,995,984,Yes,
total_scan_vat_area,Total scan VAT area,Body composition,continuous,-0.056,-0.144,0.032,54.5431,52.1694,,0.002,0.004,995,984,Yes,cm²
body_comp_trunk_diff_fat_mass,Trunk diff fat mass,Body composition,continuous,-0.041,-0.128,0.047,0.429664,0.391753,,0.003,0.004,1002,1001,Yes,kg
body_comp_total_right_tissue_mass,Total right tissue mass,Body composition,continuous,-0.085,-0.173,0.002,29.681,29.3363,,0.014,0.022,1002,1001,Yes,kg
body_comp_total_tissue_mass,Total tissue mass,Body composition,continuous,-0.087,-0.175,0.0,59.4149,58.7147,,0.014,0.022,1002,1001,Yes,kg
body_comp_total_left_tissue_mass,Total left tissue mass,Body composition,continuous,-0.088,-0.175,-0.0,29.7339,29.3785,,0.016,0.026,1002,1001,Yes,kg
body_comp_android_tissue_mass,Android tissue mass,Body composition,continuous,-0.066,-0.153,0.022,4.27659,4.22096,,0.017,0.026,1002,1001,Yes,kg
body_comp_android_total_mass,Android total mass,Body composition,continuous,-0.064,-0.152,0.023,4.3181,4.26319,,0.017,0.026,1002,1001,Yes,kg
body_comp_total_right_total_mass,Total right total mass,Body composition,continuous,-0.077,-0.165,0.01,30.7697,30.4513,,0.023,0.034,1002,1001,Yes,kg
body_comp_total_total_mass,Total total mass,Body composition,continuous,-0.079,-0.166,0.009,61.5336,60.8879,,0.024,0.036,1002,1001,Yes,kg
body_comp_total_left_total_mass,Total left total mass,Body composition,continuous,-0.079,-0.167,0.008,30.7643,30.4365,,0.029,0.043,1002,1001,Yes,kg
weight,Weight,Body composition,continuous,-0.069,-0.155,0.017,61.753,61.1853,,0.031,0.044,1034,1034,Yes,
body_comp_total_diff_tissue_mass,Total diff tissue mass,Body composition,continuous,-0.059,-0.147,0.029,0.798457,0.755265,,0.095,0.135,1002,1001,No,kg
body_comp_total_diff_total_mass,Total diff total mass,Body composition,continuous,-0.038,-0.126,0.049,0.849114,0.820272,,0.131,0.185,1002,1001,No,kg
body_comp_legs_diff_tissue_mass,Legs diff tissue mass,Body composition,continuous,-0.086,-0.174,0.001,0.482691,0.406489,,0.133,0.185,1002,1001,No,kg
body_comp_arms_diff_bone_mass,Arms diff bone mass,Body composition,continuous,0.083,-0.004,0.171,3.21249,3.46865,,0.158,0.213,1002,1001,No,kg
body_comp_total_diff_fat_mass,Total diff fat mass,Body composition,continuous,-0.037,-0.124,0.051,0.418483,0.389767,,0.158,0.213,1002,1001,No,kg
height,Height,Body composition,continuous,-0.054,-0.141,0.032,162.724,162.386,,0.157,0.213,1034,1034,No,
body_comp_arms_diff_fat_free_mass,Arms diff fat free mass,Body composition,continuous,0.042,-0.045,0.13,0.309541,0.3561,,0.166,0.221,1002,1001,No,
body_comp_arms_diff_lean_mass,Arms diff lean mass,Body composition,continuous,0.012,-0.076,0.099,0.351509,0.365798,,0.251,0.33,1002,1001,No,kg
body_comp_arm_left_tissue_mass,Arm left tissue mass,Body composition,continuous,-0.021,-0.109,0.066,3.01278,3.00131,,0.366,0.47,1002,1001,No,kg
body_comp_legs_diff_total_mass,Legs diff total mass,Body composition,continuous,-0.055,-0.143,0.032,0.405182,0.371496,,0.362,0.47,1002,1001,No,kg
body_comp_trunk_diff_fat_free_mass,Trunk diff fat free mass,Body composition,continuous,-0.0,-0.088,0.087,0.640645,0.640534,,0.432,0.549,1002,1001,No,
body_comp_total_diff_bone_mass,Total diff bone mass,Body composition,continuous,-0.103,-0.191,-0.015,0.534642,0.378771,,0.486,0.605,1002,1001,No,kg
body_comp_arm_left_total_mass,Arm left total mass,Body composition,continuous,-0.014,-0.102,0.074,3.13927,3.13156,,0.483,0.605,1002,1001,No,kg
body_comp_trunk_diff_lean_mass,Trunk diff lean mass,Body composition,continuous,-0.025,-0.113,0.062,0.630746,0.614694,,0.543,0.669,1002,1001,No,kg
body_comp_legs_diff_bone_mass,Legs diff bone mass,Body composition,continuous,-0.032,-0.12,0.055,2.88732,2.7842,,0.616,0.751,1002,1001,No,kg
waist,Waist,Body composition,continuous,-0.013,-0.1,0.073,77.1518,77.0362,,0.624,0.753,1032,1033,No,
body_comp_arms_tissue_mass,Arms tissue mass,Body composition,continuous,-0.001,-0.088,0.087,6.1203,6.11967,,0.658,0.786,1002,1001,No,kg
body_comp_trunk_diff_tissue_mass,Trunk diff tissue mass,Body composition,continuous,0.031,-0.057,0.118,0.810093,0.835193,,0.725,0.857,1002,1001,No,kg
body_comp_trunk_left_tissue_mass,Trunk left tissue mass,Body composition,continuous,0.009,-0.078,0.097,14.7535,14.7752,,0.733,0.858,1002,1001,No,kg
body_comp_trunk_tissue_mass,Trunk tissue mass,Body composition,continuous,0.01,-0.077,0.098,28.9545,29.0012,,0.761,0.882,1002,1001,No,kg
body_comp_arms_total_mass,Arms total mass,Body composition,continuous,0.007,-0.081,0.094,6.3768,6.38389,,0.785,0.896,1002,1001,No,kg
body_comp_trunk_diff_bone_mass,Trunk diff bone mass,Body composition,continuous,-0.002,-0.09,0.085,1.65325,1.64658,,0.789,0.896,1002,1001,No,kg
body_comp_arm_right_total_mass,Arm right total mass,Body composition,continuous,0.027,-0.061,0.114,3.23773,3.25233,,0.81,0.903,1002,1001,No,kg
body_comp_trunk_left_total_mass,Trunk left total mass,Body composition,continuous,0.013,-0.074,0.101,15.0534,15.0847,,0.804,0.903,1002,1001,No,kg
body_comp_legs_diff_lean_mass,Legs diff lean mass,Body composition,continuous,0.012,-0.075,0.1,0.403711,0.417325,,0.83,0.916,1002,1001,No,kg
body_comp_trunk_total_mass,Trunk total mass,Body composition,continuous,0.015,-0.073,0.102,29.5626,29.6294,,0.849,0.928,1002,1001,No,kg
body_comp_arms_diff_tissue_mass,Arms diff tissue mass,Body composition,continuous,-0.051,-0.139,0.036,0.413594,0.356047,,0.858,0.93,1002,1001,No,kg
body_comp_trunk_right_tissue_mass,Trunk right tissue mass,Body composition,continuous,0.011,-0.077,0.099,14.201,14.2259,,0.869,0.933,1002,1001,No,kg
body_comp_total_diff_lean_mass,Total diff lean mass,Body composition,continuous,-0.013,-0.101,0.074,0.647971,0.636999,,0.898,0.954,1002,1001,No,kg
body_comp_arms_diff_fat_mass,Arms diff fat mass,Body composition,continuous,0.043,-0.045,0.13,0.438574,0.503701,,0.905,0.954,1002,1001,No,kg
body_comp_trunk_diff_total_mass,Trunk diff total mass,Body composition,continuous,-0.013,-0.101,0.074,0.788523,0.78005,,0.93,0.971,1002,1001,No,kg
body_comp_arms_diff_total_mass,Arms diff total mass,Body composition,continuous,-0.099,-0.186,-0.011,0.375561,0.282614,,0.965,0.973,1002,1001,No,kg
body_comp_arm_right_tissue_mass,Arm right tissue mass,Body composition,continuous,0.02,-0.067,0.108,3.10753,3.11835,,0.953,0.973,1002,1001,No,kg
body_comp_total_diff_fat_free_mass,Total diff fat free mass,Body composition,continuous,0.023,-0.064,0.111,0.674486,0.69272,,0.962,0.973,1002,1001,No,
body_comp_trunk_right_total_mass,Trunk right total mass,Body composition,continuous,0.015,-0.073,0.103,14.5097,14.5441,,0.947,0.973,1002,1001,No,kg
body_comp_legs_diff_fat_free_mass,Legs diff fat free mass,Body composition,continuous,0.027,-0.06,0.115,0.390193,0.420173,,0.991,0.991,1002,1001,No,
body_pelvis_area,Body pelvis area,Bone density,continuous,0.36,0.271,0.448,264.762,274.893,,3.8e-14,7e-12,1002,1001,Yes,cm²
body_pelvis_bmc,Body pelvis BMC,Bone density,continuous,0.335,0.246,0.423,250.767,266.848,,6.6e-12,6e-10,1002,1001,Yes,g
femur_right_troch_bmc,Femur right troch BMC,Bone density,continuous,0.282,0.193,0.372,7.91629,8.48859,,1.5e-11,8.9e-10,975,966,Yes,g
femur_troch_mean_bmc,Femur troch mean BMC,Bone density,continuous,0.296,0.206,0.385,7.89508,8.45922,,2e-11,8.9e-10,974,964,Yes,g
femur_left_troch_bmc,Femur left troch BMC,Bone density,continuous,0.286,0.196,0.375,7.87405,8.43031,,2.1e-10,7.7e-09,974,965,Yes,g
femur_right_total_area,Femur right total area,Bone density,continuous,0.247,0.158,0.336,29.7288,30.2937,,2.7e-08,7e-07,975,966,Yes,cm²
femur_right_troch_bmd,Femur right troch BMD,Bone density,continuous,0.231,0.141,0.32,0.693122,0.720614,,2.3e-08,7e-07,975,966,Yes,g/cm²
femur_total_mean_area,Femur total mean area,Bone density,continuous,0.241,0.152,0.33,29.7238,30.2647,,3.3e-08,7.5e-07,974,964,Yes,cm²
femur_right_total_bmc,Femur right total BMC,Bone density,continuous,0.245,0.155,0.334,26.6737,27.7555,,5.8e-08,1.2e-06,975,966,Yes,g
femur_left_total_area,Femur left total area,Bone density,continuous,0.226,0.137,0.316,29.7196,30.2379,,9.1e-08,1.3e-06,974,965,Yes,cm²
femur_total_mean_bmc,Femur total mean BMC,Bone density,continuous,0.251,0.161,0.34,26.6146,27.6932,,8.8e-08,1.3e-06,974,964,Yes,g
femur_troch_mean_bmd,Femur troch mean BMD,Bone density,continuous,0.243,0.153,0.332,0.691466,0.718874,,7.2e-08,1.3e-06,974,964,Yes,g/cm²
spine_l1_l4_average_width,Spine L1 L4 average width,Bone density,continuous,0.25,0.161,0.34,3.85619,3.92023,,7.7e-08,1.3e-06,974,964,Yes,cm
spine_l1_average_width,Spine L1 average width,Bone density,continuous,0.262,0.172,0.351,3.52729,3.59038,,1.1e-07,1.4e-06,982,972,Yes,cm
body_total_area,Body total area,Bone density,continuous,0.24,0.152,0.327,1911.19,1945.12,,1.4e-07,1.7e-06,1002,1001,Yes,cm²
spine_l2_l4_average_width,Spine L2 L4 average width,Bone density,continuous,0.238,0.148,0.327,3.96545,4.03064,,1.6e-07,1.9e-06,976,966,Yes,cm
body_total_right_area,Body total right area,Bone density,continuous,0.23,0.142,0.318,966.12,983.516,,2.1e-07,2.1e-06,1002,1001,Yes,cm²
femur_left_total_bmc,Femur left total BMC,Bone density,continuous,0.249,0.16,0.338,26.5542,27.6322,,2.1e-07,2.1e-06,974,965,Yes,g
spine_l1_l3_average_width,Spine L1 L3 average width,Bone density,continuous,0.249,0.16,0.339,3.68505,3.74483,,2.2e-07,2.1e-06,975,965,Yes,cm
spine_l1_l2_average_width,Spine L1 L2 average width,Bone density,continuous,0.251,0.162,0.34,3.59031,3.64974,,2.6e-07,2.3e-06,979,971,Yes,cm
femur_left_troch_bmd,Femur left troch BMD,Bone density,continuous,0.241,0.151,0.33,0.689765,0.717142,,2.9e-07,2.5e-06,974,965,Yes,g/cm²
spine_l3_l4_average_width,Spine L3 L4 average width,Bone density,continuous,0.223,0.134,0.312,4.12267,4.19108,,3.5e-07,2.9e-06,978,966,Yes,cm
femur_right_troch_area,Femur right troch area,Bone density,continuous,0.215,0.125,0.304,11.3671,11.7336,,6e-07,4.8e-06,975,966,Yes,cm²
spine_l2_l3_average_width,Spine L2 L3 average width,Bone density,continuous,0.233,0.144,0.322,3.76396,3.82271,,7.4e-07,5.6e-06,977,967,Yes,cm
spine_l4_bmc,Spine L4 BMC,Bone density,continuous,0.224,0.135,0.313,16.7377,17.5936,,8.5e-07,6.2e-06,984,974,Yes,g
femur_troch_mean_area,Femur troch mean area,Bone density,continuous,0.212,0.123,0.301,11.372,11.7191,,9e-07,6.3e-06,974,964,Yes,cm²
body_arm_right_bmc,Body arm right BMC,Bone density,continuous,0.221,0.133,0.309,129.857,134.24,,1.1e-06,7.6e-06,1002,1001,Yes,g
spine_l3_average_width,Spine L3 average width,Bone density,continuous,0.222,0.133,0.311,3.87531,3.93621,,1.2e-06,7.6e-06,984,974,Yes,cm
spine_l4_average_width,Spine L4 average width,Bone density,continuous,0.214,0.125,0.303,4.36996,4.44837,,1.2e-06,7.6e-06,984,974,Yes,cm
body_trunk_right_area,Body trunk right area,Bone density,continuous,0.199,0.111,0.287,344.408,351.004,,1.4e-06,8.8e-06,1002,1001,Yes,cm²
body_total_left_area,Body total left area,Bone density,continuous,0.223,0.135,0.311,945.079,961.598,,1.9e-06,1.1e-05,1002,1001,Yes,cm²
spine_l2_average_width,Spine L2 average width,Bone density,continuous,0.225,0.136,0.314,3.65402,3.70986,,2.1e-06,1.2e-05,984,974,Yes,cm
body_arms_bmc,Body arms BMC,Bone density,continuous,0.216,0.128,0.304,256.217,264.553,,3e-06,1.6e-05,1002,1001,Yes,g
body_trunk_area,Body trunk area,Bone density,continuous,0.196,0.108,0.284,689.504,701.45,,4.2e-06,2.2e-05,1002,1001,Yes,cm²
femur_shaft_mean_area,Femur shaft mean area,Bone density,continuous,0.211,0.122,0.3,13.6863,13.8548,,4.4e-06,2.3e-05,974,964,Yes,cm²
femur_left_troch_area,Femur left troch area,Bone density,continuous,0.193,0.104,0.282,11.3777,11.7055,,5.3e-06,2.7e-05,974,965,Yes,cm²
femur_right_shaft_area,Femur right shaft area,Bone density,continuous,0.22,0.131,0.309,13.6685,13.8488,,6.6e-06,3.3e-05,975,966,Yes,cm²
body_arm_left_bmc,Body arm left BMC,Bone density,continuous,0.201,0.113,0.289,126.366,130.311,,9e-06,4.3e-05,1002,1001,Yes,g
femur_left_shaft_area,Femur left shaft area,Bone density,continuous,0.188,0.099,0.277,13.704,13.862,,9.8e-06,4.6e-05,974,965,Yes,cm²
body_leg_right_area,Body leg right area,Bone density,continuous,0.215,0.127,0.303,345.931,352.821,,1.2e-05,5.5e-05,1002,1001,Yes,cm²
spine_l3_l4_bmc,Spine L3 L4 BMC,Bone density,continuous,0.206,0.117,0.295,31.7847,33.1923,,1.4e-05,6.4e-05,978,966,Yes,g
body_legs_area,Body legs area,Bone density,continuous,0.206,0.118,0.293,690.951,703.984,,1.8e-05,7.6e-05,1002,1001,Yes,cm²
spine_l4_bmd,Spine L4 BMD,Bone density,continuous,0.202,0.114,0.291,1.10184,1.13836,,2.5e-05,0.00011,984,974,Yes,g/cm²
body_leg_left_area,Body leg left area,Bone density,continuous,0.191,0.103,0.278,345.031,351.169,,3.9e-05,0.00016,1002,1001,Yes,cm²
femur_left_shaft_bmc,Femur left shaft BMC,Bone density,continuous,0.196,0.107,0.285,14.6379,15.0533,,4.5e-05,0.00018,974,965,Yes,g
femur_right_shaft_bmc,Femur right shaft BMC,Bone density,continuous,0.188,0.099,0.277,14.6902,15.096,,4.8e-05,0.00019,975,966,Yes,g
femur_right_upper_neck_bmc,Femur right upper neck BMC,Bone density,continuous,0.204,0.115,0.293,1.67449,1.74291,,5.2e-05,0.0002,975,966,Yes,g
femur_shaft_mean_bmc,Femur shaft mean BMC,Bone density,continuous,0.194,0.105,0.283,14.6646,15.0742,,5.3e-05,0.0002,974,964,Yes,g
body_legs_bmc,Body legs BMC,Bone density,continuous,0.18,0.092,0.268,751.759,772.199,,5.8e-05,0.00022,1002,1001,Yes,g
body_leg_left_bmc,Body leg left BMC,Bone density,continuous,0.178,0.091,0.266,373.853,384.03,,6e-05,0.00022,1002,1001,Yes,g
body_leg_right_bmc,Body leg right BMC,Bone density,continuous,0.18,0.092,0.267,377.905,388.172,,6.1e-05,0.00022,1002,1001,Yes,g
body_total_bmc,Body total BMC,Bone density,continuous,0.184,0.096,0.272,2118.95,2173.26,,6.6e-05,0.00023,1002,1001,Yes,g
body_total_left_bmc,Body total left BMC,Bone density,continuous,0.183,0.096,0.271,1030.72,1058.42,,7.5e-05,0.00026,1002,1001,Yes,g
femur_upper_neck_mean_bmc,Femur upper neck mean BMC,Bone density,continuous,0.202,0.113,0.292,1.67048,1.73706,,7.9e-05,0.00027,974,964,Yes,g
body_trunk_bmc,Body trunk BMC,Bone density,continuous,0.173,0.085,0.261,608.328,627.921,,0.00011,0.00036,1002,1001,Yes,g
spine_l2_l3_area,Spine L2 L3 area,Bone density,continuous,0.175,0.086,0.264,24.7468,25.2084,,0.00012,0.00039,977,967,Yes,cm²
body_trunk_right_bmc,Body trunk right BMC,Bone density,continuous,0.172,0.084,0.26,308.679,318.796,,0.00012,0.00039,1002,1001,Yes,g
spine_l2_area,Spine L2 area,Bone density,continuous,0.167,0.079,0.256,11.7316,11.9484,,0.00013,0.00042,984,974,Yes,cm²
body_total_right_bmc,Body total right BMC,Bone density,continuous,0.166,0.079,0.254,1088.24,1114.85,,0.0002,0.00062,1002,1001,Yes,g
femur_left_upper_neck_bmc,Femur left upper neck BMC,Bone density,continuous,0.188,0.099,0.278,1.66649,1.7314,,0.00024,0.00071,974,965,Yes,g
body_trunk_left_bmc,Body trunk left BMC,Bone density,continuous,0.166,0.078,0.254,299.641,309.143,,0.00024,0.00073,1002,1001,Yes,g
body_pelvis_bmd,Body pelvis BMD,Bone density,continuous,0.177,0.09,0.265,0.945071,0.967994,,0.00025,0.00073,1002,1001,Yes,g/cm²
spine_l1_l2_area,Spine L1 L2 area,Bone density,continuous,0.176,0.087,0.265,22.5991,23.0179,,0.00025,0.00073,979,971,Yes,cm²
body_trunk_left_area,Body trunk left area,Bone density,continuous,0.163,0.076,0.251,345.102,350.433,,0.00031,0.00088,1002,1001,Yes,cm²
spine_l3_bmc,Spine L3 BMC,Bone density,continuous,0.173,0.085,0.262,15.0545,15.6255,,0.00038,0.001,984,974,Yes,g
spine_l3_area,Spine L3 area,Bone density,continuous,0.165,0.076,0.254,13.0149,13.2603,,0.0004,0.001,984,974,Yes,cm²
spine_l3_l4_bmd,Spine L3 L4 BMD,Bone density,continuous,0.166,0.077,0.255,1.12459,1.15334,,0.00048,0.001,978,966,Yes,g/cm²
femur_right_upper_neck_bmd,Femur right upper neck BMD,Bone density,continuous,0.17,0.081,0.259,0.727945,0.752613,,0.00054,0.001,975,966,Yes,g/cm²
body_head_area,Body head area,Bone density,continuous,0.134,0.047,0.222,214.635,217.188,,0.00069,0.002,1002,1001,Yes,cm²
spine_l3_l4_area,Spine L3 L4 area,Bone density,continuous,0.161,0.072,0.25,28.1474,28.6367,,0.00081,0.002,978,966,Yes,cm²
spine_l2_l4_bmc,Spine L2 L4 BMC,Bone density,continuous,0.177,0.08,0.274,41.882,43.7874,,0.00085,0.002,837,810,Yes,g
body_arm_right_bmd,Body arm right BMD,Bone density,continuous,0.124,0.036,0.211,0.818182,0.830781,,0.00099,0.003,1002,1001,Yes,g/cm²
femur_upper_neck_mean_bmd,Femur upper neck mean BMD,Bone density,continuous,0.164,0.074,0.253,0.729636,0.752991,,0.001,0.003,974,964,Yes,g/cm²
spine_l2_l3_bmc,Spine L2 L3 BMC,Bone density,continuous,0.158,0.069,0.247,27.9606,28.8992,,0.001,0.003,977,967,Yes,g
femur_right_neck_bmc,Femur right neck BMC,Bone density,continuous,0.159,0.07,0.248,4.06728,4.17101,,0.001,0.003,975,966,Yes,g
femur_right_total_bmd,Femur right total BMD,Bone density,continuous,0.145,0.056,0.234,0.89756,0.916329,,0.001,0.003,975,966,Yes,g/cm²
spine_l1_l3_area,Spine L1 L3 area,Bone density,continuous,0.156,0.059,0.254,33.3852,34.2885,,0.001,0.003,834,804,Yes,cm²
femur_left_total_bmd,Femur left total BMD,Bone density,continuous,0.157,0.068,0.246,0.893998,0.914064,,0.001,0.003,974,965,Yes,g/cm²
femur_neck_mean_bmc,Femur neck mean BMC,Bone density,continuous,0.163,0.074,0.252,4.05491,4.15978,,0.001,0.003,974,964,Yes,g
femur_total_mean_bmd,Femur total mean BMD,Bone density,continuous,0.153,0.064,0.242,0.895812,0.915191,,0.001,0.003,974,964,Yes,g/cm²
spine_l1_area,Spine L1 area,Bone density,continuous,0.169,0.08,0.258,10.8677,11.074,,0.002,0.004,982,972,Yes,cm²
spine_l1_l4_bmc,Spine L1 L4 BMC,Bone density,continuous,0.161,0.064,0.258,53.149,55.1917,,0.002,0.005,838,809,Yes,g
femur_left_neck_bmc,Femur left neck BMC,Bone density,continuous,0.16,0.071,0.249,4.04223,4.14873,,0.002,0.005,974,965,Yes,g
femur_left_upper_neck_bmd,Femur left upper neck BMD,Bone density,continuous,0.152,0.063,0.241,0.731271,0.753445,,0.002,0.005,974,965,Yes,g/cm²
body_arm_left_area,Body arm left area,Bone density,continuous,0.155,0.067,0.242,156.728,160.008,,0.003,0.006,1002,1001,Yes,cm²
spine_l1_l4_area,Spine L1 L4 area,Bone density,continuous,0.158,0.061,0.255,48.2121,49.3411,,0.003,0.006,838,809,Yes,cm²
spine_l2_l4_area,Spine L2 L4 area,Bone density,continuous,0.142,0.045,0.239,37.3808,38.2963,,0.003,0.006,837,810,Yes,cm²
body_arms_bmd,Body arms BMD,Bone density,continuous,0.112,0.024,0.199,0.813582,0.82461,,0.003,0.006,1002,1001,Yes,g/cm²
body_arms_area,Body arms area,Bone density,continuous,0.157,0.069,0.244,316.086,322.504,,0.003,0.007,1002,1001,Yes,cm²
spine_l4_area,Spine L4 area,Bone density,continuous,0.135,0.046,0.223,15.1331,15.3853,,0.004,0.007,984,974,Yes,cm²
spine_l2_bmc,Spine L2 BMC,Bone density,continuous,0.133,0.045,0.222,12.9222,13.2969,,0.005,0.01,984,974,Yes,g
femur_right_neck_bmd,Femur right neck BMD,Bone density,continuous,0.139,0.05,0.228,0.868227,0.886446,,0.006,0.011,975,966,Yes,g/cm²
body_arm_right_area,Body arm right area,Bone density,continuous,0.149,0.061,0.236,159.358,162.494,,0.006,0.012,1002,1001,Yes,cm²
body_spine_bmd,Body spine BMD,Bone density,continuous,0.125,0.037,0.212,1.01069,1.02744,,0.007,0.013,1002,1001,Yes,g/cm²
body_trunk_left_bmd,Body trunk left BMD,Bone density,continuous,0.125,0.037,0.213,0.86408,0.877798,,0.007,0.014,1002,1001,Yes,g/cm²
femur_neck_mean_bmd,Femur neck mean BMD,Bone density,continuous,0.132,0.043,0.221,0.870642,0.887666,,0.007,0.014,974,964,Yes,g/cm²
spine_l2_l4_bmd,Spine L2 L4 BMD,Bone density,continuous,0.134,0.037,0.231,1.1136,1.13598,,0.009,0.017,837,810,Yes,g/cm²
body_trunk_bmd,Body trunk BMD,Bone density,continuous,0.115,0.028,0.203,0.878041,0.890616,,0.01,0.018,1002,1001,Yes,g/cm²
femur_left_neck_bmd,Femur left neck BMD,Bone density,continuous,0.121,0.032,0.21,0.873006,0.888898,,0.011,0.02,974,965,Yes,g/cm²
spine_l1_l3_bmc,Spine L1 L3 BMC,Bone density,continuous,0.135,0.038,0.232,36.8722,38.1288,,0.013,0.024,834,804,Yes,g
spine_l3_bmd,Spine L3 BMD,Bone density,continuous,0.118,0.029,0.206,1.15159,1.17238,,0.013,0.024,984,974,Yes,g/cm²
body_arm_left_bmd,Body arm left BMD,Bone density,continuous,0.096,0.009,0.184,0.809397,0.818912,,0.014,0.025,1002,1001,Yes,g/cm²
femur_right_wards_bmc,Femur right wards BMC,Bone density,continuous,0.119,0.03,0.208,1.75006,1.8005,,0.016,0.027,975,966,Yes,g
femur_left_shaft_bmd,Femur left shaft BMD,Bone density,continuous,0.113,0.024,0.202,1.07055,1.08811,,0.019,0.033,974,965,Yes,g/cm²
femur_wards_mean_bmc,Femur wards mean BMC,Bone density,continuous,0.13,0.04,0.219,1.72488,1.7782,,0.019,0.033,974,964,Yes,g
body_total_left_bmd,Body total left BMD,Bone density,continuous,0.089,0.001,0.177,1.08846,1.09846,,0.02,0.034,1002,1001,Yes,g/cm²
body_trunk_right_bmd,Body trunk right BMD,Bone density,continuous,0.103,0.015,0.19,0.891961,0.903355,,0.02,0.034,1002,1001,Yes,g/cm²
spine_l1_l2_bmc,Spine L1 L2 BMC,Bone density,continuous,0.113,0.024,0.201,24.1758,24.7506,,0.027,0.045,979,971,Yes,g
femur_left_wards_bmc,Femur left wards BMC,Bone density,continuous,0.133,0.043,0.222,1.69942,1.7561,,0.028,0.047,974,965,Yes,g
femur_shaft_mean_bmd,Femur shaft mean BMD,Bone density,continuous,0.105,0.016,0.195,1.07388,1.09018,,0.028,0.047,974,964,Yes,g/cm²
body_leg_left_bmd,Body leg left BMD,Bone density,continuous,0.086,-0.002,0.174,1.08214,1.0919,,0.029,0.047,1002,1001,Yes,g/cm²
femur_lower_neck_mean_bmc,Femur lower neck mean BMC,Bone density,continuous,0.107,0.018,0.196,2.38457,2.42293,,0.031,0.051,974,964,No,g
body_total_bmd,Body total BMD,Bone density,continuous,0.076,-0.011,0.164,1.10697,1.11543,,0.032,0.052,1002,1001,No,g/cm²
femur_left_lower_neck_bmc,Femur left lower neck BMC,Bone density,continuous,0.11,0.021,0.199,2.37597,2.41742,,0.033,0.052,974,965,No,g
femur_right_shaft_bmd,Femur right shaft BMD,Bone density,continuous,0.095,0.006,0.184,1.07713,1.09222,,0.033,0.053,975,966,No,g/cm²
femur_right_lower_neck_bmc,Femur right lower neck BMC,Bone density,continuous,0.097,0.008,0.186,2.39296,2.42813,,0.037,0.058,975,966,No,g
body_legs_bmd,Body legs BMD,Bone density,continuous,0.077,-0.011,0.164,1.08654,1.09517,,0.041,0.064,1002,1001,No,g/cm²
femur_upper_neck_mean_area,Femur upper neck mean area,Bone density,continuous,0.089,0.0,0.179,2.2971,2.31342,,0.045,0.069,974,964,No,cm²
spine_l2_l3_bmd,Spine L2 L3 BMD,Bone density,continuous,0.094,0.005,0.183,1.12465,1.14053,,0.049,0.074,977,967,No,g/cm²
femur_left_upper_neck_area,Femur left upper neck area,Bone density,continuous,0.09,0.001,0.179,2.28609,2.30418,,0.058,0.088,974,965,No,cm²
body_leg_right_bmd,Body leg right BMD,Bone density,continuous,0.067,-0.021,0.154,1.09104,1.09859,,0.063,0.094,1002,1001,No,g/cm²
spine_l1_l4_bmd,Spine L1 L4 BMD,Bone density,continuous,0.092,-0.005,0.188,1.09639,1.11112,,0.065,0.097,838,809,No,g/cm²
body_spine_bmc,Body spine BMC,Bone density,continuous,0.096,0.009,0.184,167.714,170.882,,0.067,0.099,1002,1001,No,g
femur_left_neck_area,Femur left neck area,Bone density,continuous,0.089,0.0,0.178,4.63798,4.67042,,0.07,0.102,974,965,No,cm²
femur_right_upper_neck_area,Femur right upper neck area,Bone density,continuous,0.075,-0.014,0.164,2.30813,2.32277,,0.07,0.102,975,966,No,cm²
femur_wards_mean_bmd,Femur wards mean BMD,Bone density,continuous,0.093,0.004,0.182,0.710859,0.724678,,0.071,0.103,974,964,No,g/cm²
femur_right_wards_bmd,Femur right wards BMD,Bone density,continuous,0.096,0.007,0.185,0.712489,0.726902,,0.073,0.105,975,966,No,g/cm²
body_total_right_bmd,Body total right BMD,Bone density,continuous,0.059,-0.028,0.147,1.12417,1.13105,,0.078,0.111,1002,1001,No,g/cm²
femur_left_wards_bmd,Femur left wards BMD,Bone density,continuous,0.09,0.001,0.179,0.709152,0.722542,,0.078,0.111,974,965,No,g/cm²
femur_right_lower_neck_bmd,Femur right lower neck BMD,Bone density,continuous,0.096,0.007,0.185,1.00417,1.01666,,0.082,0.115,975,966,No,g/cm²
femur_left_lower_neck_area,Femur left lower neck area,Bone density,continuous,0.073,-0.016,0.162,2.35185,2.36633,,0.089,0.123,974,965,No,cm²
femur_lower_neck_mean_bmd,Femur lower neck mean BMD,Bone density,continuous,0.087,-0.003,0.176,1.00761,1.01873,,0.093,0.128,974,964,No,g/cm²
femur_neck_diff_bmc,Femur neck diff BMC,Bone density,continuous,0.052,-0.037,0.141,0.175162,0.186207,,0.095,0.129,974,964,No,g
femur_left_wards_area,Femur left wards area,Bone density,continuous,0.077,-0.012,0.166,2.40775,2.43761,,0.097,0.132,974,965,No,cm²
femur_neck_mean_area,Femur neck mean area,Bone density,continuous,0.073,-0.016,0.162,4.66565,4.69089,,0.101,0.136,974,964,No,cm²
femur_wards_mean_area,Femur wards mean area,Bone density,continuous,0.067,-0.022,0.156,2.43866,2.46274,,0.114,0.152,974,964,No,cm²
femur_left_lower_neck_bmd,Femur left lower neck BMD,Bone density,continuous,0.074,-0.015,0.163,1.011,1.02078,,0.116,0.154,974,965,No,g/cm²
femur_total_diff_bmc,Femur total diff BMC,Bone density,continuous,0.007,-0.082,0.096,1.08617,1.09469,,0.126,0.166,974,964,No,g
spine_l1_bmc,Spine L1 BMC,Bone density,continuous,0.086,-0.002,0.175,11.26,11.4704,,0.129,0.169,982,972,No,g
body_head_bmc,Body head BMC,Bone density,continuous,0.069,-0.019,0.157,502.655,508.586,,0.134,0.174,1002,1001,No,g
body_ribs_area,Body ribs area,Bone density,continuous,0.047,-0.041,0.134,259.515,261.199,,0.171,0.221,1002,1001,No,cm²
femur_right_wards_area,Femur right wards area,Bone density,continuous,0.049,-0.04,0.138,2.46951,2.48808,,0.174,0.223,975,966,No,cm²
femur_lower_neck_mean_area,Femur lower neck mean area,Bone density,continuous,0.049,-0.04,0.138,2.36855,2.37736,,0.19,0.24,974,964,No,cm²
femur_right_neck_area,Femur right neck area,Bone density,continuous,0.049,-0.04,0.138,4.69329,4.71142,,0.189,0.24,975,966,No,cm²
femur_troch_diff_bmc,Femur troch diff BMC,Bone density,continuous,0.021,-0.068,0.11,0.742828,0.76027,,0.198,0.248,974,964,No,g
spine_l2_bmd,Spine L2 BMD,Bone density,continuous,0.064,-0.025,0.152,1.09628,1.10697,,0.199,0.248,984,974,No,g/cm²
spine_l2_average_height,Spine L2 average height,Bone density,continuous,0.044,-0.045,0.132,3.20716,3.2172,,0.256,0.317,984,974,No,cm
femur_troch_diff_area,Femur troch diff area,Bone density,continuous,0.057,-0.032,0.146,0.682907,0.716927,,0.268,0.329,974,964,No,cm²
femur_right_lower_neck_area,Femur right lower neck area,Bone density,continuous,0.017,-0.072,0.106,2.38525,2.38858,,0.291,0.355,975,966,No,cm²
femur_upper_neck_diff_bmd,Femur upper neck diff BMD,Bone density,continuous,0.073,-0.016,0.162,0.0393894,0.0420833,,0.363,0.441,974,964,No,g/cm²
femur_shaft_diff_bmc,Femur shaft diff BMC,Bone density,continuous,0.009,-0.08,0.098,0.485686,0.490496,,0.375,0.452,974,964,No,g
femur_shaft_diff_area,Femur shaft diff area,Bone density,continuous,0.056,-0.034,0.145,0.319051,0.336715,,0.419,0.501,974,964,No,cm²
spine_l2_l3_average_height,Spine L2 L3 average height,Bone density,continuous,0.045,-0.044,0.134,6.56227,6.58095,,0.444,0.528,977,967,No,cm
femur_neck_diff_bmd,Femur neck diff BMD,Bone density,continuous,0.048,-0.041,0.137,0.0332175,0.0347008,,0.469,0.554,974,964,No,g/cm²
femur_upper_neck_diff_bmc,Femur upper neck diff BMC,Bone density,continuous,0.064,-0.025,0.153,0.100228,0.108923,,0.475,0.558,974,964,No,g
spine_l1_l3_bmd,Spine L1 L3 BMD,Bone density,continuous,0.037,-0.06,0.134,1.09905,1.10496,,0.481,0.561,834,804,No,g/cm²
femur_wards_diff_bmd,Femur wards diff BMD,Bone density,continuous,0.003,-0.086,0.092,0.0378238,0.0379307,,0.509,0.589,974,964,No,g/cm²
femur_total_diff_bmd,Femur total diff BMD,Bone density,continuous,0.016,-0.073,0.105,0.0284269,0.0289704,,0.531,0.612,974,964,No,g/cm²
body_ribs_bmc,Body ribs BMC,Bone density,continuous,0.006,-0.082,0.093,189.846,190.18,,0.566,0.643,1002,1001,No,g
femur_wards_diff_bmc,Femur wards diff BMC,Bone density,continuous,0.021,-0.068,0.11,0.144618,0.148202,,0.565,0.643,974,964,No,g
spine_l1_l2_average_height,Spine L1 L2 average height,Bone density,continuous,0.026,-0.062,0.115,6.28518,6.29568,,0.575,0.65,979,971,No,cm
spine_l1_l2_bmd,Spine L1 L2 BMD,Bone density,continuous,0.024,-0.065,0.112,1.06532,1.06904,,0.583,0.656,979,971,No,g/cm²
femur_lower_neck_diff_bmd,Femur lower neck diff BMD,Bone density,continuous,-0.004,-0.093,0.086,0.040428,0.0403003,,0.598,0.668,974,964,No,g/cm²
femur_upper_neck_diff_area,Femur upper neck diff area,Bone density,continuous,0.042,-0.047,0.131,0.0776567,0.0834381,,0.621,0.69,974,964,No,cm²
femur_total_diff_area,Femur total diff area,Bone density,continuous,0.046,-0.044,0.135,0.61742,0.645447,,0.64,0.701,974,964,No,cm²
spine_l1_l3_average_height,Spine L1 L3 average height,Bone density,continuous,0.033,-0.056,0.122,9.64167,9.66014,,0.638,0.701,975,965,No,cm
femur_lower_neck_diff_bmc,Femur lower neck diff BMC,Bone density,continuous,0.043,-0.046,0.133,0.114224,0.120889,,0.672,0.732,974,964,No,g
spine_l3_average_height,Spine L3 average height,Bone density,continuous,0.04,-0.049,0.128,3.35432,3.36377,,0.709,0.768,984,974,No,cm
spine_l1_average_height,Spine L1 average height,Bone density,continuous,0.007,-0.081,0.096,3.07816,3.07978,,0.737,0.794,982,972,No,cm
spine_l3_l4_average_height,Spine L3 L4 average height,Bone density,continuous,0.007,-0.082,0.096,6.81741,6.82058,,0.772,0.827,978,966,No,cm
body_head_bmd,Body head BMD,Bone density,continuous,-0.007,-0.094,0.081,2.34048,2.33841,,0.841,0.89,1002,1001,No,g/cm²
spine_l1_bmd,Spine L1 BMD,Bone density,continuous,-0.02,-0.109,0.068,1.0324,1.02927,,0.84,0.89,982,972,No,g/cm²
femur_lower_neck_diff_area,Femur lower neck diff area,Bone density,continuous,0.048,-0.041,0.137,0.0819748,0.0887231,,0.865,0.91,974,964,No,cm²
body_ribs_bmd,Body ribs BMD,Bone density,continuous,-0.019,-0.106,0.069,0.719498,0.717248,,0.885,0.919,1002,1001,No,g/cm²
spine_l2_l4_average_height,Spine L2 L4 average height,Bone density,continuous,0.02,-0.069,0.109,10.0269,10.0388,,0.889,0.919,976,966,No,cm
spine_l4_average_height,Spine L4 average height,Bone density,continuous,-0.019,-0.108,0.069,3.46357,3.45757,,0.88,0.919,984,974,No,cm
femur_neck_diff_area,Femur neck diff area,Bone density,continuous,0.029,-0.06,0.118,0.147335,0.152962,,0.935,0.945,974,964,No,cm²
femur_shaft_diff_bmd,Femur shaft diff BMD,Bone density,continuous,-0.007,-0.096,0.082,0.0384988,0.0382223,,0.924,0.945,974,964,No,g/cm²
femur_troch_diff_bmd,Femur troch diff BMD,Bone density,continuous,-0.024,-0.113,0.065,0.0346427,0.0335076,,0.936,0.945,974,964,No,g/cm²
femur_wards_diff_area,Femur wards diff area,Bone density,continuous,0.04,-0.049,0.13,0.151271,0.16043,,0.94,0.945,974,964,No,cm²
spine_l1_l4_average_height,Spine L1 L4 average height,Bone density,continuous,0.015,-0.074,0.104,13.1047,13.1155,,0.922,0.945,974,964,No,cm
body_spine_area,Body spine area,Bone density,continuous,0.008,-0.08,0.095,165.232,165.359,,0.965,0.965,1002,1001,No,cm²
hr_bpm,Resting heart rate (bpm),Cardiovascular,continuous,-0.322,-0.409,-0.234,61.1621,58.4843,,2.8e-13,2.3e-11,1018,1018,Yes,bpm
r_r_ms,RR interval (ms),Cardiovascular,continuous,0.336,0.248,0.423,998.986,1046.88,,2.7e-13,2.3e-11,1018,1018,Yes,ms
qt_ms,QT interval (ms),Cardiovascular,continuous,0.334,0.246,0.421,420.968,430.981,,5.2e-13,2.9e-11,1017,1017,Yes,ms
sitting_blood_pressure_pulse_rate,Sitting blood pressure pulse rate,Cardiovascular,continuous,-0.271,-0.358,-0.184,65.3725,62.8401,,4.5e-10,1.9e-08,1031,1032,Yes,
l_ankle_index,L ankle index,Cardiovascular,continuous,0.171,0.084,0.258,1.07573,1.09575,,1.5e-05,0.0004,1008,1011,Yes,
l_abi,"Ankle-brachial index, left",Cardiovascular,continuous,0.171,0.084,0.258,1.0754,1.0954,,1.4e-05,0.0004,1008,1011,Yes,
standing_three_min_blood_pressure_pulse_rate,Standing three min blood pressure pulse rate,Cardiovascular,continuous,-0.38,-0.548,-0.212,74.1308,70.1385,,1.9e-05,0.00044,260,296,Yes,
standing_one_min_blood_pressure_pulse_rate,Standing one min blood pressure pulse rate,Cardiovascular,continuous,-0.385,-0.553,-0.217,74.6207,70.3345,,2.2e-05,0.00046,261,296,Yes,
r_ankle_index,R ankle index,Cardiovascular,continuous,0.182,0.095,0.27,1.08203,1.10518,,3.6e-05,0.0006,1008,1011,Yes,
r_abi,"Ankle-brachial index, right",Cardiovascular,continuous,0.182,0.095,0.27,1.08165,1.10481,,3.6e-05,0.0006,1008,1011,Yes,
lying_blood_pressure_pulse_rate,Lying blood pressure pulse rate,Cardiovascular,continuous,-0.299,-0.466,-0.132,62.0494,59.468,,0.00028,0.004,263,297,Yes,
p_mv_aVF,P mV aVF,Cardiovascular,continuous,-0.182,-0.274,-0.089,0.103117,0.0920982,,0.00096,0.013,911,896,Yes,
l_ankle_pressure,L ankle pressure,Cardiovascular,continuous,0.138,0.05,0.225,120.014,123.056,,0.003,0.033,1008,1011,Yes,
r_ankle_pressure,R ankle pressure,Cardiovascular,continuous,0.139,0.052,0.226,120.856,124.062,,0.003,0.033,1008,1011,Yes,
p_mv_II,P mV II,Cardiovascular,continuous,-0.154,-0.243,-0.066,0.132261,0.1207,,0.004,0.04,982,986,Yes,
p_mv_aVR,P mV aVR,Cardiovascular,continuous,0.104,0.016,0.193,-0.100808,-0.0945875,,0.004,0.042,978,994,Yes,
st_mv_V2,ST mV V2,Cardiovascular,continuous,0.111,0.024,0.198,0.137878,0.153497,,0.004,0.042,1018,1018,Yes,
standing_three_min_blood_pressure_systolic,Standing three min blood pressure systolic,Cardiovascular,continuous,0.254,0.086,0.421,109.031,112.689,,0.006,0.055,260,296,No,
p_mv_III,P mV III,Cardiovascular,continuous,-0.115,-0.211,-0.02,0.067054,0.0582241,,0.006,0.055,852,839,No,
sitting_blood_pressure_systolic,Sitting blood pressure systolic,Cardiovascular,continuous,0.116,0.029,0.202,110.439,112.341,,0.008,0.065,1031,1030,No,
pr_ms,Pr ms,Cardiovascular,continuous,0.1,0.013,0.188,151.327,153.507,,0.011,0.083,1001,1006,No,ms
j_mv_aVF,J mV aVF,Cardiovascular,continuous,0.06,-0.027,0.147,-0.00305501,0.00197446,,0.012,0.087,1018,1018,No,
intima_media_th_mm_1_intima_media_thickness,Intima media th mm 1 intima media thickness,Cardiovascular,continuous,0.119,0.031,0.207,0.57122,0.583469,,0.013,0.091,996,995,No,
j_mv_V5,J mV V5,Cardiovascular,continuous,0.088,0.001,0.175,-0.0100393,-0.00273084,,0.013,0.091,1018,1018,No,
p_mv_V3,P mV V3,Cardiovascular,continuous,0.081,-0.009,0.171,0.101262,0.107608,,0.016,0.107,951,949,No,
st_mv_V3,ST mV V3,Cardiovascular,continuous,0.09,0.003,0.177,0.0796955,0.0893615,,0.018,0.111,1018,1018,No,
s_mv_I,S mV i,Cardiovascular,continuous,-0.153,-0.295,-0.012,-0.122166,-0.133844,,0.02,0.121,374,398,No,
t_mv_aVL,T mV aVL,Cardiovascular,continuous,0.119,0.016,0.221,0.0672652,0.0817766,,0.023,0.124,724,743,No,
s_mv_V2,S mV V2,Cardiovascular,continuous,-0.109,-0.197,-0.022,-0.840588,-0.885984,,0.022,0.124,1004,1001,No,
p_axis,P axis,Cardiovascular,continuous,-0.025,-0.112,0.062,228.801,197.227,,0.023,0.124,1018,1018,No,
j_mv_III,J mV III,Cardiovascular,continuous,0.061,-0.026,0.148,-0.00565815,0.00256385,,0.025,0.131,1018,1018,No,
st_mv_V4,ST mV V4,Cardiovascular,continuous,0.113,0.026,0.2,0.0301081,0.0398035,,0.031,0.155,1018,1018,No,
r_ms_II,R ms II,Cardiovascular,continuous,0.063,-0.024,0.15,48.9783,49.6699,,0.032,0.155,1016,1018,No,
j_mv_V4,J mV V4,Cardiovascular,continuous,0.107,0.02,0.194,-0.00559921,0.00385069,,0.032,0.155,1018,1018,No,
j_mv_V3,J mV V3,Cardiovascular,continuous,0.085,-0.002,0.172,0.0255894,0.034666,,0.033,0.155,1018,1018,No,
t_mv_III,T mV III,Cardiovascular,continuous,-0.138,-0.235,-0.041,0.0795674,0.062233,,0.035,0.158,809,824,No,
j_mv_II,J mV II,Cardiovascular,continuous,0.021,-0.066,0.108,0.00167976,0.00329077,,0.047,0.208,1018,1018,No,
st_mv_V5,ST mV V5,Cardiovascular,continuous,0.088,0.001,0.175,0.0169155,0.0241061,,0.05,0.216,1018,1018,No,
j_mv_V6,J mV V6,Cardiovascular,continuous,0.05,-0.036,0.137,-0.0132613,-0.00842829,,0.055,0.23,1018,1018,No,
s_mv_aVF,S mV aVF,Cardiovascular,continuous,0.048,-0.078,0.173,-0.194544,-0.187681,,0.058,0.238,504,470,No,
t_mv_I,T mV i,Cardiovascular,continuous,0.062,-0.025,0.149,0.166508,0.174159,,0.061,0.243,1011,1017,No,
t_mv_V1,T mV V1,Cardiovascular,continuous,-0.076,-0.173,0.021,-0.0384645,-0.0471897,,0.065,0.254,788,854,No,
r_ms_V2,R ms V2,Cardiovascular,continuous,-0.061,-0.148,0.026,31.8263,31.2119,,0.068,0.26,1013,1010,No,
p_mv_aVL,P mV aVL,Cardiovascular,continuous,0.095,-0.031,0.221,0.0125103,0.019177,,0.074,0.277,486,486,No,
r_ms_aVR,R ms aVR,Cardiovascular,continuous,0.037,-0.064,0.139,15.7881,16.1031,,0.093,0.339,755,737,No,
automorph_cdr_vertical,Automorph cdr vertical,Cardiovascular,continuous,0.234,-0.075,0.543,0.75628,0.782474,,0.104,0.371,70,96,No,
r_ms_V5,R ms V5,Cardiovascular,continuous,0.036,-0.051,0.123,45.1426,45.4774,,0.109,0.382,1017,1018,No,
j_mv_V2,J mV V2,Cardiovascular,continuous,0.066,-0.021,0.152,0.0648035,0.0739194,,0.112,0.384,1018,1018,No,
j_mv_aVL,J mV aVL,Cardiovascular,continuous,-0.063,-0.15,0.024,0.00671906,-0.00124754,,0.119,0.391,1018,1018,No,
j_mv_I,J mV i,Cardiovascular,continuous,-0.078,-0.165,0.009,0.0116798,0.00121807,,0.119,0.391,1018,1018,No,
r_brachial_index,R brachial index,Cardiovascular,continuous,-0.071,-0.158,0.017,0.973075,0.969772,,0.135,0.427,1005,1007,No,
standing_three_min_blood_pressure_diastolic,Standing three min blood pressure diastolic,Cardiovascular,continuous,0.117,-0.05,0.284,77.0846,78.2162,,0.141,0.427,260,296,No,
t_axis,T axis,Cardiovascular,continuous,-0.051,-0.138,0.036,54.4322,43.1847,,0.14,0.427,1018,1018,No,
r_ms_V6,R ms V6,Cardiovascular,continuous,0.062,-0.025,0.149,45.6079,46.2043,,0.139,0.427,1015,1018,No,
from_l_thigh_to_l_ankle_transit_time,From l thigh to l ankle transit time,Cardiovascular,continuous,-0.092,-0.258,0.074,67.963,66.2081,,0.172,0.463,262,297,No,
p_mv_V2,P mV V2,Cardiovascular,continuous,0.04,-0.052,0.131,0.123366,0.128054,,0.164,0.463,912,925,No,
j_mv_aVR,J mV aVR,Cardiovascular,continuous,0.045,-0.042,0.132,-0.00780943,-0.00312377,,0.162,0.463,1018,1018,No,
s_mv_V3,S mV V3,Cardiovascular,continuous,-0.086,-0.175,0.004,-0.473627,-0.499875,,0.172,0.463,965,957,No,
s_mv_V4,S mV V4,Cardiovascular,continuous,-0.082,-0.176,0.012,-0.296917,-0.313584,,0.157,0.463,892,865,No,
s_mv_II,S mV II,Cardiovascular,continuous,0.044,-0.083,0.17,-0.186557,-0.181843,,0.17,0.463,488,472,No,
p_mv_V6,P mV V6,Cardiovascular,continuous,-0.014,-0.106,0.078,0.0749231,0.07382,,0.162,0.463,910,911,No,
r_mv_V2,R mV V2,Cardiovascular,continuous,-0.031,-0.118,0.056,0.441471,0.433584,,0.19,0.495,1013,1010,No,
automorph_disc_height,Automorph disc height,Cardiovascular,continuous,-0.224,-0.533,0.085,279358.0,264772.0,,0.189,0.495,70,96,No,
r_ms_aVF,R ms aVF,Cardiovascular,continuous,0.03,-0.057,0.118,46.6239,47.0158,,0.197,0.505,1013,1014,No,
lying_blood_pressure_systolic,Lying blood pressure systolic,Cardiovascular,continuous,0.144,-0.023,0.31,112.122,114.229,,0.214,0.516,263,297,No,
st_mv_V1,ST mV V1,Cardiovascular,continuous,0.055,-0.032,0.142,0.0672692,0.0726031,,0.212,0.516,1018,1018,No,
r_mv_aVF,R mV aVF,Cardiovascular,continuous,-0.058,-0.145,0.029,0.57154,0.554093,,0.205,0.516,1013,1014,No,
st_mv_V6,ST mV V6,Cardiovascular,continuous,0.016,-0.071,0.103,0.0093222,0.0107957,,0.209,0.516,1018,1018,No,
from_l_thigh_to_l_ankle_duration,From l thigh to l ankle duration,Cardiovascular,continuous,-0.137,-0.304,0.029,60.5802,58.963,,0.23,0.523,262,297,No,
from_r_thigh_to_r_ankle_duration,From r thigh to r ankle duration,Cardiovascular,continuous,-0.137,-0.304,0.029,60.5802,58.963,,0.23,0.523,262,297,No,
q_mv_aVR,Q mV aVR,Cardiovascular,continuous,0.079,-0.032,0.189,-0.607846,-0.593561,,0.232,0.523,622,643,No,
p_ms,P ms,Cardiovascular,continuous,0.045,-0.042,0.133,107.363,107.905,,0.233,0.523,1001,1006,No,ms
r_ms_V4,R ms V4,Cardiovascular,continuous,0.024,-0.063,0.111,44.5108,44.7151,,0.233,0.523,1018,1018,No,
standing_one_min_blood_pressure_systolic,Standing one min blood pressure systolic,Cardiovascular,continuous,0.122,-0.044,0.289,109.594,111.432,,0.245,0.527,261,296,No,
qrs_axis,Qrs axis,Cardiovascular,continuous,0.003,-0.084,0.09,63.2986,64.7662,,0.243,0.527,1018,1018,No,
automorph_artery_distance_tortuosity,Automorph artery distance tortuosity,Cardiovascular,continuous,-0.036,-0.15,0.078,3.56277,3.51909,,0.248,0.527,590,594,No,
automorph_squared_curvature_tortuosity,Automorph squared curvature tortuosity,Cardiovascular,continuous,0.087,-0.026,0.201,13.8906,14.6235,,0.243,0.527,590,594,No,
t_mv_aVR,T mV aVR,Cardiovascular,continuous,-0.058,-0.145,0.029,-0.195212,-0.201055,,0.251,0.528,1015,1014,No,
automorph_disc_width,Automorph disc width,Cardiovascular,continuous,-0.235,-0.544,0.074,275011.0,256142.0,,0.256,0.532,70,96,No,
q_mv_I,Q mV i,Cardiovascular,continuous,0.098,-0.075,0.27,-0.0995572,-0.0803659,,0.268,0.549,271,246,No,
s_mv_aVR,S mV aVR,Cardiovascular,continuous,-0.037,-0.178,0.104,-0.684419,-0.692116,,0.277,0.562,396,378,No,
automorph_vein_average_width,Automorph vein average width,Cardiovascular,continuous,0.049,-0.065,0.163,19956.3,20028.9,,0.287,0.575,590,594,No,
from_l_thigh_to_l_ankle_pwv,From l thigh to l ankle pwv,Cardiovascular,continuous,0.093,-0.076,0.262,6.2783,6.45151,,0.301,0.595,254,287,No,
q_ms_aVL,Q ms aVL,Cardiovascular,continuous,-0.09,-0.226,0.046,24.081,22.8317,,0.308,0.602,420,416,No,
automorph_vein_distance_tortuosity,Automorph vein distance tortuosity,Cardiovascular,continuous,0.031,-0.083,0.145,2.78259,2.8061,,0.328,0.633,590,594,No,
r_mv_V1,R mV V1,Cardiovascular,continuous,0.009,-0.081,0.099,0.165585,0.166519,,0.332,0.633,958,948,No,
r_mv_V3,R mV V3,Cardiovascular,continuous,-0.044,-0.131,0.043,0.756667,0.740639,,0.339,0.638,1017,1017,No,
st_mv_aVL,ST mV aVL,Cardiovascular,continuous,-0.044,-0.131,0.043,0.00613949,0.00089391,,0.352,0.65,1018,1018,No,
p_mv_V4,P mV V4,Cardiovascular,continuous,0.034,-0.057,0.124,0.0873526,0.0899358,,0.353,0.65,933,934,No,
from_r_thigh_to_r_ankle_transit_time,From r thigh to r ankle transit time,Cardiovascular,continuous,-0.028,-0.194,0.139,68.3118,67.7741,,0.357,0.651,262,297,No,
r_mv_II,R mV II,Cardiovascular,continuous,-0.056,-0.143,0.031,0.798701,0.781837,,0.367,0.661,1016,1018,No,
r_ms_aVL,R ms aVL,Cardiovascular,continuous,-0.033,-0.124,0.058,36.18,35.6406,,0.383,0.682,922,935,No,
from_r_thigh_to_r_ankle_pwv,From r thigh to r ankle pwv,Cardiovascular,continuous,-0.049,-0.218,0.121,6.67858,6.41521,,0.426,0.716,251,287,No,
intima_media_th_2_fit,Intima media th 2 fit,Cardiovascular,continuous,0.101,-0.147,0.349,89.5327,90.5857,,0.425,0.716,113,140,No,
t_mv_aVF,T mV aVF,Cardiovascular,continuous,-0.063,-0.152,0.025,0.148761,0.143103,,0.428,0.716,985,970,No,
s_mv_V5,S mV V5,Cardiovascular,continuous,-0.044,-0.141,0.054,-0.250429,-0.257651,,0.414,0.716,815,796,No,
q_ms_I,Q ms i,Cardiovascular,continuous,-0.117,-0.29,0.056,15.4022,14.5366,,0.428,0.716,271,246,No,
automorph_fractal_dimension,Automorph fractal dimension,Cardiovascular,continuous,-0.042,-0.156,0.072,1.5252,1.52433,,0.416,0.716,590,594,No,
standing_one_min_blood_pressure_diastolic,Standing one min blood pressure diastolic,Cardiovascular,continuous,0.051,-0.115,0.218,76.8123,77.3277,,0.458,0.738,261,296,No,
intima_media_th_mm_2_intima_media_thickness,Intima media th mm 2 intima media thickness,Cardiovascular,continuous,-0.101,-0.349,0.147,0.603487,0.592036,,0.451,0.738,113,140,No,
q_mv_III,Q mV III,Cardiovascular,continuous,-0.048,-0.208,0.112,-0.115342,-0.120682,,0.452,0.738,292,308,No,
p_mv_I,P mV i,Cardiovascular,continuous,-0.055,-0.146,0.035,0.0745376,0.070913,,0.474,0.738,930,931,No,
q_mv_II,Q mV II,Cardiovascular,continuous,0.107,-0.064,0.277,-0.0956322,-0.0910409,,0.477,0.738,261,269,No,
automorph_vein_fractal_dimension,Automorph vein fractal dimension,Cardiovascular,continuous,-0.05,-0.164,0.064,1.37269,1.37144,,0.462,0.738,590,594,No,
automorph_tortuosity_density,Automorph tortuosity density,Cardiovascular,continuous,0.028,-0.086,0.142,0.652236,0.652992,,0.464,0.738,590,594,No,
automorph_cdr_horizontal,Automorph cdr horizontal,Cardiovascular,continuous,0.091,-0.217,0.4,0.763078,0.774619,,0.476,0.738,70,96,No,
automorph_artery_squared_curvature_tortuosity,Automorph artery squared curvature tortuosity,Cardiovascular,continuous,0.066,-0.048,0.18,24.4824,26.0751,,0.483,0.741,590,594,No,
l_brachial_pressure,L brachial pressure,Cardiovascular,continuous,0.044,-0.043,0.132,109.287,110.193,,0.49,0.744,998,1004,No,
l_brachial_index,L brachial index,Cardiovascular,continuous,0.023,-0.065,0.11,0.974168,0.975199,,0.508,0.753,998,1004,No,
q_mv_aVL,Q mV aVL,Cardiovascular,continuous,0.088,-0.047,0.224,-0.12569,-0.109976,,0.514,0.753,420,416,No,
automorph_vein_tortuosity_density,Automorph vein tortuosity density,Cardiovascular,continuous,-0.045,-0.159,0.069,0.705439,0.704136,,0.51,0.753,590,594,No,
automorph_vein_squared_curvature_tortuosity,Automorph vein squared curvature tortuosity,Cardiovascular,continuous,0.083,-0.031,0.197,13.6708,14.5274,,0.506,0.753,590,594,No,
r_mv_V4,R mV V4,Cardiovascular,continuous,-0.04,-0.127,0.046,0.905521,0.889037,,0.524,0.761,1018,1018,No,
r_mv_V5,R mV V5,Cardiovascular,continuous,-0.037,-0.124,0.05,0.999007,0.983743,,0.529,0.761,1017,1018,No,
lying_blood_pressure_diastolic,Lying blood pressure diastolic,Cardiovascular,continuous,0.058,-0.108,0.224,72.692,73.2458,,0.544,0.776,263,297,No,
t_mv_V3,T mV V3,Cardiovascular,continuous,-0.043,-0.13,0.044,0.316653,0.308567,,0.55,0.776,1010,1012,No,
r_ms_V3,R ms V3,Cardiovascular,continuous,0.008,-0.079,0.095,42.4877,42.5624,,0.554,0.776,1017,1017,No,
q_ms_III,Q ms III,Cardiovascular,continuous,0.037,-0.123,0.197,20.2055,20.6948,,0.558,0.776,292,308,No,
automorph_distance_tortuosity,Automorph distance tortuosity,Cardiovascular,continuous,0.019,-0.095,0.133,2.86793,2.87936,,0.573,0.789,590,594,No,
automorph_cup_width,Automorph cup width,Cardiovascular,continuous,-0.211,-0.519,0.098,207719.0,194233.0,,0.579,0.792,70,96,No,
r_mv_aVL,R mV aVL,Cardiovascular,continuous,-0.005,-0.096,0.086,0.254913,0.253861,,0.603,0.818,922,935,No,
intima_media_th_1_fit,Intima media th 1 fit,Cardiovascular,continuous,-0.034,-0.281,0.214,90.1124,89.7723,,0.634,0.838,113,141,No,
q_ms_V6,Q ms V6,Cardiovascular,continuous,-0.182,-0.357,-0.008,14.5469,13.264,,0.634,0.838,256,250,No,
j_mv_V1,J mV V1,Cardiovascular,continuous,0.047,-0.04,0.134,0.0176228,0.022554,,0.632,0.838,1018,1018,No,
q_mv_V6,Q mV V6,Cardiovascular,continuous,0.129,-0.045,0.304,-0.10332,-0.08564,,0.691,0.878,256,250,No,
t_mv_V6,T mV V6,Cardiovascular,continuous,-0.003,-0.091,0.084,0.238123,0.237552,,0.693,0.878,1007,1009,No,
st_mv_III,ST mV III,Cardiovascular,continuous,0.035,-0.052,0.122,0.00040275,0.0047053,,0.691,0.878,1018,1018,No,
t_mv_V2,T mV V2,Cardiovascular,continuous,-0.013,-0.1,0.075,0.277294,0.27497,,0.696,0.878,1005,1010,No,
st_mv_II,ST mV II,Cardiovascular,continuous,-0.063,-0.149,0.024,0.0163065,0.011778,,0.671,0.878,1018,1018,No,
automorph_cup_height,Automorph cup height,Cardiovascular,continuous,-0.076,-0.384,0.233,210539.0,205968.0,,0.677,0.878,70,96,No,
sitting_blood_pressure_diastolic,Sitting blood pressure diastolic,Cardiovascular,continuous,-0.008,-0.094,0.078,67.2852,67.1998,,0.716,0.883,1031,1031,No,
q_ms_II,Q ms II,Cardiovascular,continuous,-0.129,-0.299,0.041,14.6667,13.8885,,0.708,0.883,261,269,No,
st_mv_aVF,ST mV aVF,Cardiovascular,continuous,-0.014,-0.101,0.073,0.00777996,0.006778,,0.715,0.883,1018,1018,No,
automorph_vessel_density,Automorph vessel density,Cardiovascular,continuous,-0.041,-0.155,0.073,0.0764501,0.0761478,,0.723,0.885,590,594,No,
r_mv_III,R mV III,Cardiovascular,continuous,-0.027,-0.115,0.061,0.39898,0.390636,,0.737,0.895,990,990,No,
r_brachial_pressure,R brachial pressure,Cardiovascular,continuous,0.018,-0.07,0.105,109.201,109.562,,0.767,0.902,1005,1007,No,
r_mv_I,R mV i,Cardiovascular,continuous,-0.009,-0.096,0.078,0.529321,0.52708,,0.776,0.902,1016,1017,No,
r_mv_aVR,R mV aVR,Cardiovascular,continuous,-0.026,-0.127,0.076,0.0900132,0.0881004,,0.781,0.902,755,737,No,
s_mv_V6,S mV V6,Cardiovascular,continuous,0.011,-0.097,0.119,-0.204205,-0.202656,,0.779,0.902,654,659,No,
automorph_artery_fractal_dimension,Automorph artery fractal dimension,Cardiovascular,continuous,-0.032,-0.146,0.082,1.33691,1.33599,,0.762,0.902,590,594,No,
automorph_vein_vessel_density,Automorph vein vessel density,Cardiovascular,continuous,-0.014,-0.128,0.1,0.0456764,0.0455993,,0.772,0.902,590,594,No,
automorph_artery_vessel_density,Automorph artery vessel density,Cardiovascular,continuous,-0.026,-0.14,0.088,0.037239,0.0371017,,0.748,0.902,590,594,No,
qrs_ms,Qrs ms,Cardiovascular,continuous,-0.001,-0.088,0.086,93.8446,93.8348,,0.79,0.906,1017,1017,No,ms
r_ms_I,R ms i,Cardiovascular,continuous,-0.017,-0.104,0.07,45.3287,45.1544,,0.803,0.915,1016,1017,No,
s_mv_III,S mV III,Cardiovascular,continuous,-0.008,-0.129,0.114,-0.245315,-0.247022,,0.841,0.924,540,497,No,
st_mv_aVR,ST mV aVR,Cardiovascular,continuous,0.077,-0.01,0.164,-0.01778,-0.00990177,,0.832,0.924,1018,1018,No,
p_mv_V5,P mV V5,Cardiovascular,continuous,-0.015,-0.106,0.076,0.080432,0.0791407,,0.83,0.924,926,931,No,
r_ms_III,R ms III,Cardiovascular,continuous,-0.0,-0.088,0.088,40.3091,40.3051,,0.838,0.924,990,990,No,
t_mv_II,T mV II,Cardiovascular,continuous,-0.02,-0.107,0.067,0.232148,0.230178,,0.837,0.924,1015,1013,No,
automorph_artery_average_width,Automorph artery average width,Cardiovascular,continuous,-0.019,-0.132,0.095,18854.0,18826.9,,0.845,0.924,590,594,No,
from_r_thigh_to_r_ankle_distance,From r thigh to r ankle distance,Cardiovascular,continuous,-0.096,-0.263,0.07,46.6145,43.2189,,0.863,0.932,262,297,No,
t_mv_V5,T mV V5,Cardiovascular,continuous,-0.039,-0.126,0.048,0.27143,0.265509,,0.859,0.932,1007,1011,No,
from_l_thigh_to_l_ankle_distance,From l thigh to l ankle distance,Cardiovascular,continuous,-0.07,-0.236,0.096,43.4122,42.9899,,0.883,0.937,262,297,No,
s_mv_V1,S mV V1,Cardiovascular,continuous,-0.012,-0.102,0.078,-0.653109,-0.656599,,0.875,0.937,952,938,No,
t_mv_V4,T mV V4,Cardiovascular,continuous,-0.019,-0.107,0.068,0.262726,0.259513,,0.888,0.937,1005,1006,No,
qtc_ms,Qtc ms,Cardiovascular,continuous,0.011,-0.076,0.098,422.61,422.843,,0.891,0.937,1017,1017,No,ms
r_ms_V1,R ms V1,Cardiovascular,continuous,0.001,-0.089,0.091,22.8977,22.9051,,0.903,0.943,958,948,No,
s_mv_aVL,S mV aVL,Cardiovascular,continuous,-0.014,-0.149,0.12,-0.1988,-0.200791,,0.919,0.954,400,455,No,
automorph_average_width,Automorph average width,Cardiovascular,continuous,0.003,-0.111,0.116,17382.6,17385.5,,0.927,0.956,590,594,No,
q_ms_aVR,Q ms aVR,Cardiovascular,continuous,-0.016,-0.126,0.094,45.4662,45.3188,,0.955,0.979,622,643,No,
r_mv_V6,R mV V6,Cardiovascular,continuous,-0.01,-0.096,0.077,0.913892,0.910393,,0.971,0.982,1015,1018,No,
p_mv_V1,P mV V1,Cardiovascular,continuous,0.016,-0.077,0.11,0.0694573,0.0707892,,0.976,0.982,866,887,No,
st_mv_I,ST mV i,Cardiovascular,continuous,-0.078,-0.165,0.009,0.0151473,0.00517682,,0.971,0.982,1018,1018,No,
automorph_artery_tortuosity_density,Automorph artery tortuosity density,Cardiovascular,continuous,-0.019,-0.132,0.095,0.708529,0.707787,,1.0,1.0,590,594,No,
Apple,Apple,Diet (food frequency),continuous,0.113,0.02,0.206,20.9794,25.5105,,0.00022,0.07,896,897,No,
Beer,Beer,Diet (food frequency),continuous,0.16,0.067,0.253,5.28126,9.85175,,0.001,0.132,896,897,No,
Cashew,Cashew,Diet (food frequency),continuous,0.07,-0.022,0.163,1.02852,1.29053,,0.001,0.132,896,897,No,
Cucumber,Cucumber,Diet (food frequency),continuous,0.125,0.032,0.217,18.8336,23.0018,,0.002,0.132,896,897,No,
Cottage cheese,Cottage cheese,Diet (food frequency),continuous,0.172,0.08,0.265,9.09128,13.9559,,0.004,0.179,896,897,No,
Israeli couscous,Israeli couscous,Diet (food frequency),continuous,-0.142,-0.235,-0.05,1.44809,0.629631,,0.004,0.179,896,897,No,
Roll,Roll,Diet (food frequency),continuous,-0.095,-0.188,-0.003,4.82882,3.73137,,0.003,0.179,896,897,No,
Whiskey,Whiskey,Diet (food frequency),continuous,0.122,0.03,0.215,0.0771377,0.204268,,0.005,0.187,896,897,No,
Strawberry,Strawberry,Diet (food frequency),continuous,0.122,0.029,0.214,2.1367,3.50404,,0.006,0.207,896,897,No,
Baguette,Baguette,Diet (food frequency),continuous,-0.124,-0.216,-0.031,1.36737,0.602095,,0.008,0.208,896,897,No,
Hamburger,Hamburger,Diet (food frequency),continuous,0.122,0.029,0.214,1.64526,2.51628,,0.008,0.208,896,897,No,
Natural Yogurt,Natural Yogurt,Diet (food frequency),continuous,0.049,-0.043,0.142,14.5115,16.3757,,0.007,0.208,896,897,No,
Small radish,Small radish,Diet (food frequency),continuous,0.076,-0.016,0.169,0.48553,0.782703,,0.01,0.228,896,897,No,
Tahini,Tahini,Diet (food frequency),continuous,0.109,0.016,0.202,6.15124,7.29336,,0.013,0.293,896,897,No,
Carrots,Carrots,Diet (food frequency),continuous,0.07,-0.023,0.162,4.27928,5.11021,,0.014,0.299,896,897,No,
Cappuccino,Cappuccino,Diet (food frequency),continuous,0.077,-0.016,0.169,55.9678,65.0944,,0.018,0.299,896,897,No,
Grilled vegetables,Grilled vegetables,Diet (food frequency),continuous,0.098,0.005,0.19,4.83326,7.01812,,0.018,0.299,896,897,No,
Parsley,Parsley,Diet (food frequency),continuous,0.022,-0.07,0.115,0.346695,0.393496,,0.017,0.299,896,897,No,
Spinach,Spinach,Diet (food frequency),continuous,0.072,-0.021,0.164,0.865312,1.22881,,0.017,0.299,896,897,No,
Pepper,Pepper,Diet (food frequency),continuous,0.051,-0.042,0.143,7.79282,8.86309,,0.021,0.33,896,897,No,
Lemonade,Lemonade,Diet (food frequency),continuous,-0.077,-0.17,0.015,0.792653,0.345437,,0.027,0.4,896,897,No,
Vodka or Arak,Vodka or Arak,Diet (food frequency),continuous,0.058,-0.035,0.15,0.104273,0.234043,,0.03,0.429,896,897,No,
Vegetable Soup,Vegetable Soup,Diet (food frequency),continuous,0.063,-0.03,0.156,13.6737,16.2471,,0.034,0.454,896,897,No,
Celery,Celery,Diet (food frequency),continuous,0.054,-0.039,0.146,0.758981,1.04796,,0.036,0.469,896,897,No,
Banana,Banana,Diet (food frequency),continuous,0.065,-0.028,0.157,16.9424,18.8078,,0.042,0.471,896,897,No,
Pumpkin seeds,Pumpkin seeds,Diet (food frequency),continuous,0.092,-0.001,0.184,0.163363,0.293511,,0.038,0.471,896,897,No,
Wholemeal Bread,Wholemeal Bread,Diet (food frequency),continuous,0.06,-0.033,0.153,4.21012,4.85095,,0.041,0.471,896,897,No,
Wine,Wine,Diet (food frequency),continuous,0.141,0.048,0.233,11.9702,17.1334,,0.041,0.471,896,897,No,
Cereal Bar,Cereal Bar,Diet (food frequency),continuous,0.065,-0.028,0.158,0.076233,0.137094,,0.064,0.48,896,897,No,
Cherry tomatoes,Cherry tomatoes,Diet (food frequency),continuous,0.143,0.05,0.235,9.25354,12.7654,,0.063,0.48,896,897,No,
Ciabatta,Ciabatta,Diet (food frequency),continuous,-0.105,-0.197,-0.012,1.58846,1.09989,,0.065,0.48,896,897,No,
Garlic,Garlic,Diet (food frequency),continuous,0.047,-0.045,0.14,0.0798559,0.105768,,0.052,0.48,896,897,No,
Hummus Salad,Hummus Salad,Diet (food frequency),continuous,0.061,-0.032,0.154,3.37174,3.98501,,0.051,0.48,896,897,No,
Lemon juice,Lemon juice,Diet (food frequency),continuous,-0.02,-0.113,0.072,1.04479,0.936181,,0.063,0.48,896,897,No,
Oatmeal Cereal,Oatmeal Cereal,Diet (food frequency),continuous,0.042,-0.05,0.135,3.0686,3.83416,,0.061,0.48,896,897,No,
Pea soup,Pea soup,Diet (food frequency),continuous,0.093,0.001,0.186,1.61764,2.73212,,0.056,0.48,896,897,No,
Peanuts,Peanuts,Diet (food frequency),continuous,-0.002,-0.095,0.09,0.440172,0.435719,,0.047,0.48,896,897,No,
Salmon,Salmon,Diet (food frequency),continuous,0.09,-0.002,0.183,9.12435,10.8838,,0.051,0.48,896,897,No,
Soda water,Soda water,Diet (food frequency),continuous,0.088,-0.004,0.181,0.247422,1.55466,,0.058,0.48,896,897,No,
Tabbouleh Salad,Tabbouleh Salad,Diet (food frequency),continuous,0.002,-0.091,0.095,0.602014,0.608927,,0.059,0.48,896,897,No,
Tea,Tea,Diet (food frequency),continuous,0.053,-0.039,0.146,33.1128,38.8117,,0.063,0.48,896,897,No,
Tomato sauce,Tomato sauce,Diet (food frequency),continuous,-0.046,-0.139,0.046,0.722337,0.59232,,0.049,0.48,896,897,No,
Chia seeds,Chia seeds,Diet (food frequency),continuous,0.096,0.003,0.188,0.494319,0.695459,,0.067,0.485,896,897,No,
Halva,Halva,Diet (food frequency),continuous,0.124,0.031,0.217,0.144743,0.347981,,0.069,0.489,896,897,No,
Almonds,Almonds,Diet (food frequency),continuous,0.061,-0.032,0.153,1.42958,1.65049,,0.071,0.494,896,897,No,
Bread,Bread,Diet (food frequency),continuous,0.043,-0.05,0.136,8.25346,8.88812,,0.086,0.505,896,897,No,
Egg,Egg,Diet (food frequency),continuous,0.089,-0.004,0.181,11.9348,13.6401,,0.093,0.505,896,897,No,
Granola,Granola,Diet (food frequency),continuous,0.047,-0.046,0.139,1.82171,2.10343,,0.092,0.505,896,897,No,
Lettuce,Lettuce,Diet (food frequency),continuous,0.09,-0.002,0.183,5.10783,6.86562,,0.086,0.505,896,897,No,
Lettuce Salad,Lettuce Salad,Diet (food frequency),continuous,0.093,0.001,0.186,4.91319,6.19096,,0.075,0.505,896,897,No,
Oatmeal,Oatmeal,Diet (food frequency),continuous,0.023,-0.069,0.116,1.77242,1.93586,,0.084,0.505,896,897,No,
Pasta Bolognese,Pasta Bolognese,Diet (food frequency),continuous,-0.071,-0.164,0.021,2.30591,1.63358,,0.09,0.505,896,897,No,
Pickled cucumber,Pickled cucumber,Diet (food frequency),continuous,0.084,-0.009,0.176,1.43473,1.97886,,0.088,0.505,896,897,No,
Pistachio,Pistachio,Diet (food frequency),continuous,-0.003,-0.095,0.09,0.470717,0.462105,,0.082,0.505,896,897,No,
Sweet potato,Sweet potato,Diet (food frequency),continuous,0.091,-0.002,0.183,3.78745,4.72134,,0.079,0.505,896,897,No,
Tilapia,Tilapia,Diet (food frequency),continuous,0.041,-0.051,0.134,1.4618,1.76699,,0.088,0.505,896,897,No,
ginger,Ginger,Diet (food frequency),continuous,-0.048,-0.14,0.045,0.0611633,0.028676,,0.084,0.505,896,897,No,
Walnuts,Walnuts,Diet (food frequency),continuous,0.12,0.027,0.212,1.86623,2.46228,,0.095,0.509,896,897,No,
Chestnuts,Chestnuts,Diet (food frequency),continuous,0.049,-0.044,0.142,0.103477,0.155308,,0.099,0.521,896,897,No,
Chocolate cake,Chocolate cake,Diet (food frequency),continuous,-0.017,-0.11,0.075,1.19129,1.12884,,0.102,0.529,896,897,No,
Majadra,Majadra,Diet (food frequency),continuous,-0.007,-0.1,0.085,1.6539,1.5966,,0.107,0.546,896,897,No,
Potato salad,Potato salad,Diet (food frequency),continuous,-0.051,-0.144,0.042,0.373942,0.198052,,0.109,0.549,896,897,No,
Chicken Steak,Chicken Steak,Diet (food frequency),continuous,0.063,-0.029,0.156,2.13407,2.8185,,0.113,0.551,896,897,No,
Quinoa,Quinoa,Diet (food frequency),continuous,0.128,0.035,0.221,3.47372,5.35126,,0.113,0.551,896,897,No,
Cereals,Cereals,Diet (food frequency),continuous,0.011,-0.082,0.103,1.30616,1.37341,,0.123,0.58,896,897,No,
Labneh Cheese,Labneh Cheese,Diet (food frequency),continuous,0.051,-0.041,0.144,0.888293,1.15355,,0.121,0.58,896,897,No,
Eggplant Salad,Eggplant Salad,Diet (food frequency),continuous,-0.089,-0.182,0.003,1.59855,1.1331,,0.126,0.583,896,897,No,
Flax seeds,Flax seeds,Diet (food frequency),continuous,0.021,-0.071,0.114,0.197411,0.221708,,0.132,0.598,896,897,No,
Parmesan cheese,Parmesan cheese,Diet (food frequency),continuous,-0.019,-0.111,0.074,0.0571923,0.0493152,,0.133,0.598,896,897,No,
Beet,Beet,Diet (food frequency),continuous,0.105,0.013,0.198,2.17655,3.22541,,0.138,0.606,896,897,No,
Coke,Coke,Diet (food frequency),continuous,-0.017,-0.11,0.076,1.90542,1.68766,,0.137,0.606,896,897,No,
Gilthead Bream,Gilthead Bream,Diet (food frequency),continuous,0.082,-0.01,0.175,1.50434,2.40513,,0.145,0.618,896,897,No,
Tuna Sandwich,Tuna Sandwich,Diet (food frequency),continuous,0.052,-0.04,0.145,0.439399,0.728009,,0.145,0.618,896,897,No,
Shrimp,Shrimp,Diet (food frequency),continuous,0.043,-0.049,0.136,0.514313,0.644384,,0.149,0.626,896,897,No,
Cuba,Cuba,Diet (food frequency),continuous,-0.057,-0.149,0.036,1.25562,0.903945,,0.152,0.629,896,897,No,
Artichoke,Artichoke,Diet (food frequency),continuous,-0.084,-0.176,0.009,1.6999,1.10254,,0.16,0.641,896,897,No,
Brownies,Brownies,Diet (food frequency),continuous,0.081,-0.012,0.173,0.206244,0.334561,,0.185,0.641,896,897,No,
Chicken Liver,Chicken Liver,Diet (food frequency),continuous,0.007,-0.086,0.099,0.778329,0.808545,,0.171,0.641,896,897,No,
Chicken breast,Chicken breast,Diet (food frequency),continuous,0.063,-0.029,0.156,8.59502,9.86971,,0.181,0.641,896,897,No,
Chocolate,Chocolate,Diet (food frequency),continuous,-0.103,-0.195,-0.01,1.67563,1.2944,,0.173,0.641,896,897,No,
Egg Salad,Egg Salad,Diet (food frequency),continuous,-0.041,-0.134,0.052,0.688912,0.566721,,0.184,0.641,896,897,No,
Fruit Drink,Fruit Drink,Diet (food frequency),continuous,-0.081,-0.174,0.011,0.576115,0.253362,,0.171,0.641,896,897,No,
Hummus,Hummus,Diet (food frequency),continuous,0.016,-0.076,0.109,2.07086,2.22044,,0.178,0.641,896,897,No,
Lentils,Lentils,Diet (food frequency),continuous,0.067,-0.025,0.16,3.23325,4.00679,,0.184,0.641,896,897,No,
Orange,Orange,Diet (food frequency),continuous,0.045,-0.047,0.138,4.0791,4.79547,,0.174,0.641,896,897,No,
Potatoes,Potatoes,Diet (food frequency),continuous,-0.113,-0.206,-0.021,15.2881,12.6296,,0.184,0.641,896,897,No,
Raisins,Raisins,Diet (food frequency),continuous,0.058,-0.034,0.151,0.219718,0.296925,,0.176,0.641,896,897,No,
Sweet Potato Soup,Sweet Potato Soup,Diet (food frequency),continuous,0.054,-0.038,0.147,0.756543,1.14156,,0.177,0.641,896,897,No,
Tomatoes Salad,Tomatoes Salad,Diet (food frequency),continuous,0.005,-0.087,0.098,0.489463,0.504354,,0.184,0.641,896,897,No,
White Cheese,White Cheese,Diet (food frequency),continuous,0.058,-0.034,0.151,4.84422,5.64907,,0.162,0.641,896,897,No,
Bissli,Bissli,Diet (food frequency),continuous,-0.063,-0.155,0.03,0.113384,0.0629866,,0.224,0.646,896,897,No,
Blueberries,Blueberries,Diet (food frequency),continuous,0.068,-0.025,0.16,2.02811,2.7548,,0.219,0.646,896,897,No,
Brown Sugar,Brown Sugar,Diet (food frequency),continuous,-0.081,-0.174,0.012,0.24882,0.156922,,0.212,0.646,896,897,No,
Ceviche,Ceviche,Diet (food frequency),continuous,0.025,-0.068,0.118,0.144647,0.17783,,0.199,0.646,896,897,No,
Coconut water,Coconut water,Diet (food frequency),continuous,0.07,-0.023,0.163,0.287846,0.700624,,0.207,0.646,896,897,No,
Dates,Dates,Diet (food frequency),continuous,0.056,-0.037,0.148,2.58679,2.95013,,0.207,0.646,896,897,No,
Fried onions,Fried onions,Diet (food frequency),continuous,-0.047,-0.14,0.045,0.889435,0.710216,,0.22,0.646,896,897,No,
Kohlrabi,Kohlrabi,Diet (food frequency),continuous,0.013,-0.079,0.106,1.69469,1.83315,,0.216,0.646,896,897,No,
Lemon,Lemon,Diet (food frequency),continuous,0.029,-0.064,0.121,0.368495,0.451937,,0.216,0.646,896,897,No,
Pesto,Pesto,Diet (food frequency),continuous,0.024,-0.069,0.117,0.374141,0.412727,,0.223,0.646,896,897,No,
Pickled vegetables,Pickled vegetables,Diet (food frequency),continuous,0.01,-0.083,0.102,0.110308,0.121154,,0.223,0.646,896,897,No,
Salty Cookies,Salty Cookies,Diet (food frequency),continuous,-0.053,-0.145,0.04,0.164109,0.0772193,,0.219,0.646,896,897,No,
Schnitzel,Schnitzel,Diet (food frequency),continuous,0.004,-0.088,0.097,7.8879,7.96812,,0.223,0.646,896,897,No,
Smoothies,Smoothies,Diet (food frequency),continuous,0.014,-0.078,0.107,3.06829,3.34608,,0.205,0.646,896,897,No,
Soup mandels,Soup mandels,Diet (food frequency),continuous,0.035,-0.057,0.128,0.300502,0.37202,,0.204,0.646,896,897,No,
Spinach Quiche,Spinach Quiche,Diet (food frequency),continuous,-0.033,-0.125,0.06,0.641833,0.498862,,0.203,0.646,896,897,No,
Stuffed Vine leaves,Stuffed Vine leaves,Diet (food frequency),continuous,0.048,-0.044,0.141,0.982607,1.21723,,0.199,0.646,896,897,No,
Water,Water,Diet (food frequency),continuous,-0.022,-0.115,0.071,28.8906,24.5152,,0.19,0.646,896,897,No,
Cooked zucchini,Cooked zucchini,Diet (food frequency),continuous,0.044,-0.049,0.136,1.05649,1.33243,,0.234,0.66,896,897,No,
Olive oil,Olive oil,Diet (food frequency),continuous,0.046,-0.047,0.138,11.6547,13.3787,,0.238,0.66,896,897,No,
Tomatoes,Tomatoes,Diet (food frequency),continuous,0.051,-0.041,0.144,16.4992,18.2688,,0.235,0.66,896,897,No,
Tzfatit Cheese,Tzfatit Cheese,Diet (food frequency),continuous,-0.064,-0.157,0.028,1.0618,0.743917,,0.236,0.66,896,897,No,
Rye Bread,Rye Bread,Diet (food frequency),continuous,0.031,-0.062,0.123,1.68223,1.88938,,0.242,0.665,896,897,No,
Bolognese,Bolognese,Diet (food frequency),continuous,-0.053,-0.146,0.039,0.424666,0.256923,,0.255,0.677,896,897,No,
Peanut Butter,Peanut Butter,Diet (food frequency),continuous,0.015,-0.078,0.107,0.428009,0.455217,,0.251,0.677,896,897,No,
Pear,Pear,Diet (food frequency),continuous,0.066,-0.026,0.159,2.46628,3.08589,,0.253,0.677,896,897,No,
Sunflower seeds,Sunflower seeds,Diet (food frequency),continuous,0.049,-0.044,0.141,0.71489,0.907334,,0.251,0.677,896,897,No,
Peas,Peas,Diet (food frequency),continuous,0.08,-0.012,0.173,1.35379,1.7872,,0.267,0.693,896,897,No,
Smoked Salmon,Smoked Salmon,Diet (food frequency),continuous,-0.005,-0.098,0.087,0.82334,0.801423,,0.265,0.693,896,897,No,
Sushi,Sushi,Diet (food frequency),continuous,0.05,-0.042,0.143,3.79653,4.51425,,0.266,0.693,896,897,No,
Candies,Candies,Diet (food frequency),continuous,-0.011,-0.104,0.082,0.0265284,0.0233926,,0.283,0.71,896,897,No,
Chocolate Cookies,Chocolate Cookies,Diet (food frequency),continuous,0.084,-0.009,0.176,0.175279,0.326265,,0.277,0.71,896,897,No,
Jachnun,Jachnun,Diet (food frequency),continuous,0.059,-0.033,0.152,0.150775,0.258915,,0.281,0.71,896,897,No,
Jewish donut,Jewish donut,Diet (food frequency),continuous,-0.033,-0.126,0.059,0.288176,0.216411,,0.282,0.71,896,897,No,
Kebab,Kebab,Diet (food frequency),continuous,-0.044,-0.136,0.049,1.24551,1.0231,,0.285,0.71,896,897,No,
Shakshouka,Shakshouka,Diet (food frequency),continuous,-0.007,-0.1,0.085,3.25394,3.17886,,0.287,0.71,896,897,No,
Noodles,Noodles,Diet (food frequency),continuous,0.022,-0.07,0.115,1.03657,1.15503,,0.291,0.714,896,897,No,
Ice cream bar,Ice cream bar,Diet (food frequency),continuous,0.063,-0.029,0.156,0.0736899,0.149921,,0.312,0.741,896,897,No,
Onion,Onion,Diet (food frequency),continuous,0.058,-0.034,0.151,1.17444,1.4521,,0.308,0.741,896,897,No,
Orange juice,Orange juice,Diet (food frequency),continuous,-0.022,-0.114,0.071,3.89477,3.52013,,0.314,0.741,896,897,No,
Pita,Pita,Diet (food frequency),continuous,-0.067,-0.16,0.025,6.42246,5.60314,,0.313,0.741,896,897,No,
Rice crackers,Rice crackers,Diet (food frequency),continuous,0.056,-0.036,0.149,0.59285,0.746308,,0.312,0.741,896,897,No,
Potato pancakes,Potato pancakes,Diet (food frequency),continuous,-0.047,-0.14,0.045,0.0111607,0.0,,0.318,0.743,896,897,No,
Sweet Challah,Sweet Challah,Diet (food frequency),continuous,-0.011,-0.104,0.081,0.488198,0.453854,,0.324,0.747,896,897,No,
Tuna Salad,Tuna Salad,Diet (food frequency),continuous,-0.063,-0.155,0.03,1.05,0.730524,,0.324,0.747,896,897,No,
Camembert or Brie,Camembert or Brie,Diet (food frequency),continuous,0.034,-0.059,0.126,0.300379,0.373989,,0.334,0.753,896,897,No,
Chili pepper,Chili pepper,Diet (food frequency),continuous,-0.02,-0.112,0.073,0.0296702,0.0235532,,0.332,0.753,896,897,No,
Cold cut,Cold cut,Diet (food frequency),continuous,0.084,-0.009,0.177,0.46202,0.705313,,0.341,0.753,896,897,No,
Croutons,Croutons,Diet (food frequency),continuous,0.052,-0.041,0.144,0.0473864,0.0759118,,0.349,0.753,896,897,No,
Diet Coke,Diet Coke,Diet (food frequency),continuous,0.048,-0.045,0.14,8.03968,10.2937,,0.346,0.753,896,897,No,
Flavored Yogurt,Flavored Yogurt,Diet (food frequency),continuous,0.026,-0.067,0.118,0.930199,1.12569,,0.346,0.753,896,897,No,
Green cabbage,Green cabbage,Diet (food frequency),continuous,0.026,-0.067,0.118,3.21921,3.56518,,0.346,0.753,896,897,No,
Pineapple,Pineapple,Diet (food frequency),continuous,0.144,0.051,0.237,0.678835,1.46482,,0.351,0.753,896,897,No,
Sugar,Sugar,Diet (food frequency),continuous,-0.079,-0.171,0.014,0.412474,0.275796,,0.345,0.753,896,897,No,
Vegetable Salad,Vegetable Salad,Diet (food frequency),continuous,0.071,-0.022,0.164,66.91,73.794,,0.343,0.753,896,897,No,
Popsicle,Popsicle,Diet (food frequency),continuous,0.039,-0.053,0.132,0.145746,0.238518,,0.355,0.753,896,897,No,
Sausages,Sausages,Diet (food frequency),continuous,-0.053,-0.145,0.04,0.611972,0.435756,,0.356,0.753,896,897,No,
Goat Milk Yogurt,Goat Milk Yogurt,Diet (food frequency),continuous,-0.062,-0.155,0.03,3.21255,2.29945,,0.368,0.772,896,897,No,
Tofu,Tofu,Diet (food frequency),continuous,0.075,-0.018,0.167,4.86381,6.0555,,0.371,0.775,896,897,No,
Arugula,Arugula,Diet (food frequency),continuous,-0.06,-0.153,0.033,0.236414,0.140216,,0.384,0.795,896,897,No,
Bagel,Bagel,Diet (food frequency),continuous,0.057,-0.036,0.149,1.14788,1.4418,,0.407,0.796,896,897,No,
Coconut milk,Coconut milk,Diet (food frequency),continuous,-0.026,-0.119,0.066,0.233212,0.167612,,0.399,0.796,896,897,No,
Coriander,Coriander,Diet (food frequency),continuous,0.039,-0.054,0.131,0.113494,0.164052,,0.39,0.796,896,897,No,
Cracker,Cracker,Diet (food frequency),continuous,-0.053,-0.146,0.039,0.274502,0.209327,,0.398,0.796,896,897,No,
Green beans,Green beans,Diet (food frequency),continuous,0.063,-0.03,0.156,0.152711,0.30047,,0.394,0.796,896,897,No,
Plum,Plum,Diet (food frequency),continuous,0.023,-0.069,0.116,1.34206,1.481,,0.406,0.796,896,897,No,
Salty Cheese,Salty Cheese,Diet (food frequency),continuous,0.028,-0.065,0.121,2.12048,2.28816,,0.396,0.796,896,897,No,
Seabass Fish,Seabass Fish,Diet (food frequency),continuous,-0.0,-0.093,0.092,0.262665,0.261925,,0.406,0.796,896,897,No,
Wholemeal Roll,Wholemeal Roll,Diet (food frequency),continuous,-0.018,-0.11,0.075,0.916505,0.850409,,0.404,0.796,896,897,No,
Beans,Beans,Diet (food frequency),continuous,-0.039,-0.132,0.053,0.716269,0.556155,,0.443,0.803,896,897,No,
Broccoli,Broccoli,Diet (food frequency),continuous,-0.045,-0.137,0.048,4.10141,3.57877,,0.444,0.803,896,897,No,
Canned Tuna Fish,Canned Tuna Fish,Diet (food frequency),continuous,0.015,-0.077,0.108,3.98742,4.16824,,0.433,0.803,896,897,No,
Chicken drumstick,Chicken drumstick,Diet (food frequency),continuous,-0.015,-0.107,0.078,2.40329,2.26972,,0.448,0.803,896,897,No,
English cake,English cake,Diet (food frequency),continuous,0.097,0.005,0.19,1.5171,2.09325,,0.42,0.803,896,897,No,
Feta Cheese,Feta Cheese,Diet (food frequency),continuous,0.022,-0.07,0.115,0.251869,0.285702,,0.441,0.803,896,897,No,
Goat Cheese,Goat Cheese,Diet (food frequency),continuous,0.01,-0.083,0.102,1.2143,1.26963,,0.423,0.803,896,897,No,
Gouda Cheese,Gouda Cheese,Diet (food frequency),continuous,-0.015,-0.108,0.077,0.822466,0.764653,,0.44,0.803,896,897,No,
Green Salad,Green Salad,Diet (food frequency),continuous,0.038,-0.055,0.13,2.16691,2.85483,,0.444,0.803,896,897,No,
Guacamole,Guacamole,Diet (food frequency),continuous,0.016,-0.077,0.108,0.788056,0.8427,,0.452,0.803,896,897,No,
Melon,Melon,Diet (food frequency),continuous,0.009,-0.084,0.102,3.87986,4.03758,,0.42,0.803,896,897,No,
Pomelo,Pomelo,Diet (food frequency),continuous,0.065,-0.028,0.157,2.5047,3.79008,,0.414,0.803,896,897,No,
Schug,Schug,Diet (food frequency),continuous,0.056,-0.036,0.149,0.0133792,0.0469342,,0.435,0.803,896,897,No,
Soymilk,Soymilk,Diet (food frequency),continuous,-0.008,-0.101,0.085,4.05397,3.87031,,0.446,0.803,896,897,No,
Sugar substitute,Sugar substitute,Diet (food frequency),continuous,0.008,-0.085,0.1,0.0184774,0.0206932,,0.45,0.803,896,897,No,
Tortilla,Tortilla,Diet (food frequency),continuous,-0.046,-0.139,0.046,0.689388,0.564119,,0.44,0.803,896,897,No,
Dark Chocolate,Dark Chocolate,Diet (food frequency),continuous,0.012,-0.081,0.104,1.15592,1.19654,,0.461,0.811,896,897,No,
Rice Noodles,Rice Noodles,Diet (food frequency),continuous,-0.001,-0.094,0.091,0.334939,0.331329,,0.459,0.811,896,897,No,
Yogurt,Yogurt,Diet (food frequency),continuous,0.029,-0.064,0.122,6.63731,7.35208,,0.472,0.824,896,897,No,
Fennel,Fennel,Diet (food frequency),continuous,0.046,-0.046,0.139,0.491161,0.833472,,0.481,0.83,896,897,No,
Light Yellow Cheese,Light Yellow Cheese,Diet (food frequency),continuous,0.043,-0.05,0.135,0.803974,0.978688,,0.479,0.83,896,897,No,
Brazil nuts,Brazil nuts,Diet (food frequency),continuous,0.038,-0.055,0.13,0.153112,0.189212,,0.516,0.833,896,897,No,
Cinnamon,Cinnamon,Diet (food frequency),continuous,0.067,-0.026,0.159,0.0115093,0.0220683,,0.491,0.833,896,897,No,
Coffee,Coffee,Diet (food frequency),continuous,0.006,-0.087,0.098,95.7874,96.7498,,0.506,0.833,896,897,No,
Coleslaw,Coleslaw,Diet (food frequency),continuous,-0.036,-0.129,0.057,4.19059,3.74124,,0.513,0.833,896,897,No,
Cookies,Cookies,Diet (food frequency),continuous,-0.035,-0.127,0.058,2.72784,2.4989,,0.547,0.833,896,897,No,
Date honey,Date honey,Diet (food frequency),continuous,0.038,-0.055,0.131,0.255029,0.303627,,0.55,0.833,896,897,No,
Entrecote,Entrecote,Diet (food frequency),continuous,0.065,-0.027,0.158,0.747825,1.23334,,0.495,0.833,896,897,No,
Fruit salad,Fruit salad,Diet (food frequency),continuous,0.042,-0.05,0.135,0.830184,1.10811,,0.523,0.833,896,897,No,
Green Tea,Green Tea,Diet (food frequency),continuous,0.057,-0.036,0.149,12.6263,16.3085,,0.552,0.833,896,897,No,
Green onions,Green onions,Diet (food frequency),continuous,-0.006,-0.099,0.086,0.259471,0.251051,,0.496,0.833,896,897,No,
Hazelnuts,Hazelnuts,Diet (food frequency),continuous,0.039,-0.054,0.132,0.149139,0.202624,,0.525,0.833,896,897,No,
Honey,Honey,Diet (food frequency),continuous,0.038,-0.054,0.131,0.41874,0.479466,,0.533,0.833,896,897,No,
Ice cream,Ice cream,Diet (food frequency),continuous,-0.052,-0.145,0.04,4.95072,4.33485,,0.551,0.833,896,897,No,
Kiwi,Kiwi,Diet (food frequency),continuous,0.052,-0.041,0.144,0.884232,1.12893,,0.514,0.833,896,897,No,
Lentil Soup,Lentil Soup,Diet (food frequency),continuous,0.046,-0.047,0.138,4.47405,5.36163,,0.531,0.833,896,897,No,
Light Bread,Light Bread,Diet (food frequency),continuous,-0.107,-0.2,-0.015,0.765763,0.266377,,0.544,0.833,896,897,No,
Maple syrup,Maple syrup,Diet (food frequency),continuous,-0.045,-0.138,0.047,0.0621262,0.0406776,,0.538,0.833,896,897,No,
Mozzarella Cheese,Mozzarella Cheese,Diet (food frequency),continuous,-0.043,-0.136,0.05,1.03296,0.86277,,0.549,0.833,896,897,No,
Mushroom Pie,Mushroom Pie,Diet (food frequency),continuous,-0.032,-0.124,0.061,0.453738,0.345742,,0.526,0.833,896,897,No,
Omelette,Omelette,Diet (food frequency),continuous,0.019,-0.074,0.111,13.0022,13.3806,,0.517,0.833,896,897,No,
Pasta with tomato sauce,Pasta with tomato sauce,Diet (food frequency),continuous,-0.002,-0.095,0.09,1.84007,1.81762,,0.543,0.833,896,897,No,
Potato chips,Potato chips,Diet (food frequency),continuous,-0.036,-0.129,0.056,0.101201,0.0736188,,0.516,0.833,896,897,No,
Sprouts,Sprouts,Diet (food frequency),continuous,-0.05,-0.142,0.043,0.396107,0.172601,,0.524,0.833,896,897,No,
Teriyaki Sauce,Teriyaki Sauce,Diet (food frequency),continuous,0.024,-0.069,0.116,0.0656293,0.0770345,,0.536,0.833,896,897,No,
Yellow Cheese,Yellow Cheese,Diet (food frequency),continuous,0.014,-0.079,0.107,4.03147,4.14601,,0.513,0.833,896,897,No,
Yellow pepper,Yellow pepper,Diet (food frequency),continuous,0.034,-0.058,0.127,1.3848,1.70029,,0.521,0.833,896,897,No,
Apricot,Apricot,Diet (food frequency),continuous,-0.041,-0.134,0.052,1.01079,0.800052,,0.559,0.836,896,897,No,
Cream Cheese,Cream Cheese,Diet (food frequency),continuous,0.012,-0.081,0.104,1.00987,1.06137,,0.562,0.836,896,897,No,
Milk,Milk,Diet (food frequency),continuous,-0.012,-0.104,0.081,19.1175,18.5895,,0.56,0.836,896,897,No,
Chicken legs,Chicken legs,Diet (food frequency),continuous,-0.052,-0.145,0.041,3.54136,2.93245,,0.566,0.839,896,897,No,
Apple Cake,Apple Cake,Diet (food frequency),continuous,0.06,-0.032,0.153,0.951801,1.2252,,0.578,0.84,896,897,No,
Olives,Olives,Diet (food frequency),continuous,-0.083,-0.176,0.009,1.45291,1.16122,,0.578,0.84,896,897,No,
Stuffed Cabbage,Stuffed Cabbage,Diet (food frequency),continuous,0.057,-0.036,0.149,0.231635,0.524871,,0.571,0.84,896,897,No,
Zucchini,Zucchini,Diet (food frequency),continuous,0.066,-0.027,0.158,2.78177,3.54716,,0.575,0.84,896,897,No,
Almond Beverage,Almond Beverage,Diet (food frequency),continuous,0.019,-0.074,0.112,3.60914,4.11918,,0.581,0.84,896,897,No,
Pomegranate,Pomegranate,Diet (food frequency),continuous,-0.035,-0.128,0.058,1.48726,1.16053,,0.585,0.842,896,897,No,
Matbucha,Matbucha,Diet (food frequency),continuous,0.031,-0.061,0.124,0.291717,0.34399,,0.591,0.848,896,897,No,
Cooked vegetables,Cooked vegetables,Diet (food frequency),continuous,-0.008,-0.101,0.084,1.66439,1.59174,,0.594,0.848,896,897,No,
Cooked green beans,Cooked green beans,Diet (food frequency),continuous,-0.007,-0.1,0.085,2.43333,2.36818,,0.607,0.862,896,897,No,
Pasta,Pasta,Diet (food frequency),continuous,0.004,-0.089,0.096,8.67815,8.75754,,0.612,0.865,896,897,No,
Coated peanuts,Coated peanuts,Diet (food frequency),continuous,0.056,-0.037,0.148,0.0340091,0.062963,,0.624,0.875,896,897,No,
Croissant,Croissant,Diet (food frequency),continuous,-0.039,-0.132,0.053,1.65906,1.43562,,0.631,0.875,896,897,No,
Mayonnaise,Mayonnaise,Diet (food frequency),continuous,0.044,-0.049,0.136,0.443067,0.50987,,0.628,0.875,896,897,No,
Mustard,Mustard,Diet (food frequency),continuous,0.026,-0.067,0.118,0.0689318,0.0782808,,0.626,0.875,896,897,No,
Tomato paste,Tomato paste,Diet (food frequency),continuous,-0.054,-0.146,0.039,0.909332,0.682924,,0.633,0.875,896,897,No,
Oat Drink,Oat Drink,Diet (food frequency),continuous,0.039,-0.054,0.132,6.01809,7.21262,,0.639,0.876,896,897,No,
Wholemeal Crackers,Wholemeal Crackers,Diet (food frequency),continuous,-0.021,-0.114,0.072,0.681039,0.621436,,0.639,0.876,896,897,No,
Beef,Beef,Diet (food frequency),continuous,-0.011,-0.104,0.081,5.31705,5.1763,,0.644,0.878,896,897,No,
Danish,Danish,Diet (food frequency),continuous,-0.022,-0.115,0.07,1.33019,1.2291,,0.646,0.878,896,897,No,
Heavy cream,Heavy cream,Diet (food frequency),continuous,0.018,-0.075,0.11,1.17651,1.30084,,0.663,0.896,896,897,No,
White beans,White beans,Diet (food frequency),continuous,-0.033,-0.126,0.059,0.2491,0.160806,,0.677,0.912,896,897,No,
Cheesecake,Cheesecake,Diet (food frequency),continuous,0.028,-0.065,0.12,2.5752,2.79759,,0.689,0.924,896,897,No,
Egg yolk,Egg yolk,Diet (food frequency),continuous,0.024,-0.069,0.116,0.0347878,0.0442502,,0.694,0.927,896,897,No,
Bamba,Bamba,Diet (food frequency),continuous,0.011,-0.081,0.104,0.595573,0.621432,,0.704,0.927,896,897,No,
Beans black-eyed peas,Beans black-eyed peas,Diet (food frequency),continuous,0.122,0.029,0.214,1.54228,2.7449,,0.719,0.927,896,897,No,
Biscuit,Biscuit,Diet (food frequency),continuous,0.026,-0.066,0.119,0.445407,0.502391,,0.801,0.927,896,897,No,
Boiled corn,Boiled corn,Diet (food frequency),continuous,-0.032,-0.125,0.061,0.820796,0.658078,,0.736,0.927,896,897,No,
Bulgur,Bulgur,Diet (food frequency),continuous,-0.023,-0.116,0.069,0.550013,0.457823,,0.701,0.927,896,897,No,
Burekas,Burekas,Diet (food frequency),continuous,0.019,-0.074,0.112,2.69587,2.83793,,0.779,0.927,896,897,No,
Carrot Salad,Carrot Salad,Diet (food frequency),continuous,0.029,-0.063,0.122,0.421719,0.52645,,0.749,0.927,896,897,No,
Cauliflower,Cauliflower,Diet (food frequency),continuous,0.022,-0.07,0.115,4.15311,4.42414,,0.747,0.927,896,897,No,
Challah,Challah,Diet (food frequency),continuous,-0.004,-0.097,0.088,0.469286,0.458067,,0.785,0.927,896,897,No,
Chocolate spread,Chocolate spread,Diet (food frequency),continuous,-0.005,-0.097,0.088,0.289407,0.282946,,0.774,0.927,896,897,No,
Cocoa Powder,Cocoa Powder,Diet (food frequency),continuous,-0.085,-0.177,0.008,0.151334,0.0754383,,0.806,0.927,896,897,No,
Coconut,Coconut,Diet (food frequency),continuous,-0.059,-0.152,0.033,0.0442704,0.0239333,,0.738,0.927,896,897,No,
Cooked cabbage,Cooked cabbage,Diet (food frequency),continuous,-0.074,-0.167,0.018,1.57693,0.975476,,0.746,0.927,896,897,No,
Cooking cream,Cooking cream,Diet (food frequency),continuous,-0.01,-0.103,0.082,0.091493,0.0819551,,0.717,0.927,896,897,No,
Couscous,Couscous,Diet (food frequency),continuous,0.058,-0.035,0.15,1.78009,2.20532,,0.752,0.927,896,897,No,
Cranberries,Cranberries,Diet (food frequency),continuous,-0.017,-0.11,0.075,0.347091,0.313895,,0.722,0.927,896,897,No,
Edamame,Edamame,Diet (food frequency),continuous,0.015,-0.077,0.108,0.209501,0.235734,,0.807,0.927,896,897,No,
Eggplant,Eggplant,Diet (food frequency),continuous,-0.007,-0.099,0.086,1.26465,1.22911,,0.792,0.927,896,897,No,
Falafel,Falafel,Diet (food frequency),continuous,-0.005,-0.098,0.088,1.15024,1.13169,,0.767,0.927,896,897,No,
Fried eggplant,Fried eggplant,Diet (food frequency),continuous,-0.037,-0.13,0.055,0.373006,0.299259,,0.738,0.927,896,897,No,
Grapes,Grapes,Diet (food frequency),continuous,-0.015,-0.108,0.077,5.56816,5.30695,,0.796,0.927,896,897,No,
Greek salad,Greek salad,Diet (food frequency),continuous,0.003,-0.09,0.095,1.45663,1.48587,,0.806,0.927,896,897,No,
Low fat Milk,Low fat Milk,Diet (food frequency),continuous,0.041,-0.052,0.133,0.887015,1.42925,,0.772,0.927,896,897,No,
Mandarin,Mandarin,Diet (food frequency),continuous,0.005,-0.088,0.097,3.98185,4.04969,,0.728,0.927,896,897,No,
Mango,Mango,Diet (food frequency),continuous,0.022,-0.071,0.114,6.23383,6.8355,,0.764,0.927,896,897,No,
Nectarine,Nectarine,Diet (food frequency),continuous,0.027,-0.065,0.12,3.17408,3.53319,,0.8,0.927,896,897,No,
Pancake,Pancake,Diet (food frequency),continuous,-0.037,-0.129,0.056,1.14334,0.939349,,0.756,0.927,896,897,No,
Peach,Peach,Diet (food frequency),continuous,0.006,-0.086,0.099,6.33241,6.46351,,0.704,0.927,896,897,No,
Pecan,Pecan,Diet (food frequency),continuous,0.043,-0.049,0.136,0.805171,0.912099,,0.725,0.927,896,897,No,
Persimmon,Persimmon,Diet (food frequency),continuous,-0.021,-0.114,0.071,3.27276,3.00664,,0.764,0.927,896,897,No,
Pizza,Pizza,Diet (food frequency),continuous,-0.028,-0.121,0.064,8.4534,7.97138,,0.779,0.927,896,897,No,
Popcorn,Popcorn,Diet (food frequency),continuous,0.005,-0.088,0.097,0.494899,0.506661,,0.732,0.927,896,897,No,
Pretzels,Pretzels,Diet (food frequency),continuous,-0.014,-0.107,0.079,0.648805,0.611446,,0.788,0.927,896,897,No,
Rice,Rice,Diet (food frequency),continuous,-0.07,-0.163,0.022,20.5118,18.5619,,0.786,0.927,896,897,No,
Rugelach,Rugelach,Diet (food frequency),continuous,-0.012,-0.104,0.081,0.511954,0.4824,,0.804,0.927,896,897,No,
Sauerkraut,Sauerkraut,Diet (food frequency),continuous,0.042,-0.051,0.135,0.124825,0.215537,,0.758,0.927,896,897,No,
Squash casserole,Squash casserole,Diet (food frequency),continuous,-0.059,-0.152,0.033,0.977014,0.607169,,0.718,0.927,896,897,No,
Watermelon,Watermelon,Diet (food frequency),continuous,0.019,-0.074,0.111,18.5868,19.5695,,0.797,0.927,896,897,No,
Butter Cookies,Butter Cookies,Diet (food frequency),continuous,-0.08,-0.173,0.012,0.522842,0.355903,,0.816,0.929,896,897,No,
Chicken,Chicken,Diet (food frequency),continuous,0.05,-0.043,0.142,1.95431,2.3984,,0.817,0.929,896,897,No,
Chicken soup,Chicken soup,Diet (food frequency),continuous,0.014,-0.079,0.106,7.46576,7.84391,,0.824,0.929,896,897,No,
Corn,Corn,Diet (food frequency),continuous,-0.021,-0.114,0.071,0.619536,0.548602,,0.824,0.929,896,897,No,
Fig,Fig,Diet (food frequency),continuous,-0.015,-0.108,0.077,1.67711,1.54706,,0.828,0.929,896,897,No,
Sauteed vegetables,Sauteed vegetables,Diet (food frequency),continuous,-0.004,-0.097,0.088,2.10348,2.06306,,0.827,0.929,896,897,No,
Pastrami,Pastrami,Diet (food frequency),continuous,-0.006,-0.098,0.087,0.8679,0.84403,,0.834,0.933,896,897,No,
Balsamic vinegar,Balsamic vinegar,Diet (food frequency),continuous,0.067,-0.025,0.16,0.0244693,0.0459675,,0.859,0.939,896,897,No,
Knafeh,Knafeh,Diet (food frequency),continuous,0.016,-0.077,0.108,0.142661,0.165128,,0.849,0.939,896,897,No,
Lasagna,Lasagna,Diet (food frequency),continuous,0.068,-0.025,0.16,0.432494,0.751238,,0.854,0.939,896,897,No,
Mixed nuts,Mixed nuts,Diet (food frequency),continuous,0.045,-0.047,0.138,0.36863,0.494196,,0.859,0.939,896,897,No,
Onion Pie,Onion Pie,Diet (food frequency),continuous,-0.028,-0.12,0.065,0.415726,0.332124,,0.862,0.939,896,897,No,
Turkey Shawarma,Turkey Shawarma,Diet (food frequency),continuous,-0.011,-0.104,0.081,2.06004,1.95553,,0.863,0.939,896,897,No,
Wafers,Wafers,Diet (food frequency),continuous,-0.018,-0.11,0.075,0.526848,0.480033,,0.849,0.939,896,897,No,
Whipped cream,Whipped cream,Diet (food frequency),continuous,-0.05,-0.142,0.043,0.881928,0.615254,,0.863,0.939,896,897,No,
Butter,Butter,Diet (food frequency),continuous,-0.023,-0.116,0.07,0.649189,0.60492,,0.873,0.946,896,897,No,
Jam,Jam,Diet (food frequency),continuous,-0.012,-0.104,0.081,0.424193,0.40292,,0.882,0.952,896,897,No,
Caesar Salad,Caesar Salad,Diet (food frequency),continuous,0.018,-0.074,0.111,1.46041,1.59984,,0.888,0.955,896,897,No,
Red Cabbage Salad,Red Cabbage Salad,Diet (food frequency),continuous,0.095,0.003,0.188,0.867882,1.69562,,0.899,0.955,896,897,No,
Soy sauce,Soy sauce,Diet (food frequency),continuous,0.027,-0.065,0.12,0.209143,0.236841,,0.897,0.955,896,897,No,
Sugar Free Gum,Sugar Free Gum,Diet (food frequency),continuous,0.002,-0.091,0.094,0.029424,0.0298297,,0.9,0.955,896,897,No,
emmer wheat bread,emmer wheat bread,Diet (food frequency),continuous,0.033,-0.06,0.126,8.32781,9.06194,,0.896,0.955,896,897,No,
Roasted eggplant,Roasted eggplant,Diet (food frequency),continuous,0.034,-0.059,0.127,1.15426,1.3429,,0.913,0.966,896,897,No,
Beet Salad,Beet Salad,Diet (food frequency),continuous,-0.026,-0.118,0.067,1.27308,1.1353,,0.94,0.984,896,897,No,
Canned corn,Canned corn,Diet (food frequency),continuous,0.069,-0.024,0.162,0.252124,0.403384,,0.939,0.984,896,897,No,
Meatballs,Meatballs,Diet (food frequency),continuous,-0.031,-0.124,0.062,3.37319,3.01789,,0.937,0.984,896,897,No,
Avocado,Avocado,Diet (food frequency),continuous,0.007,-0.086,0.099,9.42536,9.54897,,0.951,0.992,896,897,No,
Cherries,Cherries,Diet (food frequency),continuous,-0.045,-0.138,0.047,1.87634,1.38476,,0.971,1.0,896,897,No,
Chicken Meatballs,Chicken Meatballs,Diet (food frequency),continuous,0.021,-0.072,0.113,1.88375,2.07313,,0.977,1.0,896,897,No,
Dried cranberries,Dried cranberries,Diet (food frequency),continuous,-0.032,-0.124,0.061,0.0569184,0.0386256,,1.0,1.0,896,897,No,
French fries,French fries,Diet (food frequency),continuous,0.066,-0.026,0.159,2.07739,2.51068,,1.0,1.0,896,897,No,
Ketchup,Ketchup,Diet (food frequency),continuous,0.051,-0.041,0.144,0.228087,0.300693,,0.985,1.0,896,897,No,
Light Cream Cheese,Light Cream Cheese,Diet (food frequency),continuous,-0.024,-0.116,0.069,0.219416,0.178251,,0.997,1.0,896,897,No,
Mushrooms,Mushrooms,Diet (food frequency),continuous,-0.052,-0.145,0.041,2.38095,2.02206,,0.988,1.0,896,897,No,
Pullet,Pullet,Diet (food frequency),continuous,0.021,-0.071,0.114,2.97596,3.2068,,0.993,1.0,896,897,No,
Pumpkin,Pumpkin,Diet (food frequency),continuous,0.016,-0.076,0.109,0.366347,0.420411,,0.997,1.0,896,897,No,
Salt,Salt,Diet (food frequency),continuous,-0.015,-0.107,0.078,0.0277685,0.0245027,,0.991,1.0,896,897,No,
Spelled,Spelled,Diet (food frequency),continuous,0.019,-0.074,0.111,0.630097,0.735269,,0.974,1.0,896,897,No,
Steak,Steak,Diet (food frequency),continuous,-0.014,-0.107,0.079,2.49196,2.36317,,0.972,1.0,896,897,No,
Sweet Roll,Sweet Roll,Diet (food frequency),continuous,-0.038,-0.13,0.055,0.150167,0.100852,,0.995,1.0,896,897,No,
water_glasses_day,Water glasses day,Diet (questionnaire),continuous,0.262,0.139,0.385,6.42913,7.47554,,2.2e-05,0.00015,508,511,Yes,glasses/day
raw_veg_tablespoons_day,Raw veg tablespoons day,Diet (questionnaire),continuous,0.156,0.03,0.282,8.42917,9.64008,,0.003,0.012,480,489,Yes,tablespoons/day
cooked_veg_tablespoons_day,Cooked veg tablespoons day,Diet (questionnaire),continuous,0.191,0.044,0.339,4.08011,4.94524,,0.006,0.013,362,347,Yes,tablespoons/day
fresh_fruit_day,Fresh fruit day,Diet (questionnaire),continuous,0.097,-0.042,0.236,1.95855,2.08475,,0.131,0.229,386,413,No,
cereals_bowels_week,Cereals bowels week,Diet (questionnaire),continuous,0.074,-0.049,0.198,0.902584,1.03968,,0.322,0.451,503,504,No,
bread_slices_week,Bread slices week,Diet (questionnaire),continuous,-0.038,-0.173,0.097,8.24178,8.00238,,0.792,0.792,426,420,No,
coffee_cups_day,Coffee cups day,Diet (questionnaire),continuous,0.031,-0.095,0.158,2.38217,2.43182,,0.685,0.792,471,484,No,
bread_type_mainly_eat__Another type of bread,Bread type mainly eat – Another type of bread,Diet (questionnaire),binary,,-0.022,0.068,0.291925,0.315068,0.0231,1.0,1.0,805,803,No,
bread_type_mainly_eat__Dark,Bread type mainly eat – Dark,Diet (questionnaire),binary,,-0.031,0.031,0.111801,0.11208,0.000278,1.0,1.0,805,803,No,
bread_type_mainly_eat__Hot,Bread type mainly eat – Hot,Diet (questionnaire),binary,,-0.004,0.011,0.00372671,0.00747198,0.00375,1.0,1.0,805,803,No,
bread_type_mainly_eat__Other,Bread type mainly eat – Other,Diet (questionnaire),binary,,-0.004,0.011,0.00372671,0.00747198,0.00375,1.0,1.0,805,803,No,
bread_type_mainly_eat__White,Bread type mainly eat – White,Diet (questionnaire),binary,,-0.037,0.031,0.141615,0.138232,-0.00338,1.0,1.0,805,803,No,
bread_type_mainly_eat__Whole wheat,Bread type mainly eat – Whole wheat,Diet (questionnaire),binary,,-0.055,0.039,0.365217,0.35741,-0.00781,1.0,1.0,805,803,No,
bread_type_mainly_eat__dont know,Bread type mainly eat – dont know,Diet (questionnaire),binary,,-0.021,0.009,0.0273292,0.0211706,-0.00616,1.0,1.0,805,803,No,
bread_type_mainly_eat__no,Bread type mainly eat – no,Diet (questionnaire),binary,,-0.006,0.011,0.00621118,0.00871731,0.00251,1.0,1.0,805,803,No,
bread_type_mainly_eat__prefer not to answer,Bread type mainly eat – prefer not to answer,Diet (questionnaire),binary,,-0.008,0.0,0.00372671,0.0,-0.00373,1.0,1.0,805,803,No,
cereal_type__Cornflakes or branflakes,Cereal type – Cornflakes or branflakes,Diet (questionnaire),binary,,-0.017,0.045,0.106832,0.120797,0.014,1.0,1.0,805,803,No,
cereal_type__Cornflakes with sugar (cookies  pillows  etc.),Cereal type – Cornflakes with sugar (cookies  pillows  etc.),Diet (questionnaire),binary,,-0.014,0.016,0.0236025,0.0249066,0.0013,1.0,1.0,805,803,No,
cereal_type__Granola,Cereal type – Granola,Diet (questionnaire),binary,,-0.042,0.028,0.156522,0.14944,-0.00708,1.0,1.0,805,803,No,
cereal_type__Oatmeal,Cereal type – Oatmeal,Diet (questionnaire),binary,,-0.007,0.067,0.159006,0.18929,0.0303,1.0,1.0,805,803,No,
cereal_type__dont know,Cereal type – dont know,Diet (questionnaire),binary,,-0.048,0.021,0.150311,0.136986,-0.0133,1.0,1.0,805,803,No,
cereal_type__no,Cereal type – no,Diet (questionnaire),binary,,-0.001,0.004,0.0,0.00124533,0.00125,1.0,1.0,805,803,No,
cereal_type__prefer not to answer,Cereal type – prefer not to answer,Diet (questionnaire),binary,,-0.037,-0.003,0.0409938,0.0211706,-0.0198,1.0,1.0,805,803,No,
oil_press_type_frying__Butter,Oil press type frying – Butter,Diet (questionnaire),binary,,-0.024,0.029,0.0782609,0.0809465,0.00269,1.0,1.0,805,803,No,
oil_press_type_frying__Cold pressed olive oil,Oil press type frying – Cold pressed olive oil,Diet (questionnaire),binary,,-0.051,0.046,0.479503,0.476961,-0.00254,1.0,1.0,805,803,No,
oil_press_type_frying__Margarine,Oil press type frying – Margarine,Diet (questionnaire),binary,,-0.003,0.003,0.00124224,0.00124533,3.09e-06,1.0,1.0,805,803,No,
oil_press_type_frying__Oil - unknown type of pickling.,Oil press type frying – Oil - unknown type of pickling.,Diet (questionnaire),binary,,-0.042,0.023,0.131677,0.122042,-0.00963,1.0,1.0,805,803,No,
oil_press_type_frying__Olive oil,Oil press type frying – Olive oil,Diet (questionnaire),binary,,-0.011,0.009,0.0111801,0.00996264,-0.00122,1.0,1.0,805,803,No,
oil_press_type_frying__Other,Oil press type frying – Other,Diet (questionnaire),binary,,-0.0,0.008,0.0,0.00373599,0.00374,1.0,1.0,805,803,No,
oil_press_type_frying__Other cold pressed oil,Oil press type frying – Other cold pressed oil,Diet (questionnaire),binary,,0.0,0.045,0.0447205,0.0672478,0.0225,1.0,1.0,805,803,No,
oil_press_type_frying__Refined oil,Oil press type frying – Refined oil,Diet (questionnaire),binary,,-0.018,0.057,0.168944,0.188045,0.0191,1.0,1.0,805,803,No,
oil_press_type_frying__dont know,Oil press type frying – dont know,Diet (questionnaire),binary,,-0.005,0.005,0.00248447,0.00249066,6.19e-06,1.0,1.0,805,803,No,
oil_press_type_frying__no,Oil press type frying – no,Diet (questionnaire),binary,,-0.005,0.005,0.00248447,0.00249066,6.19e-06,1.0,1.0,805,803,No,
oil_type_frying__Butter,Oil type frying – Butter,Diet (questionnaire),binary,,-0.02,0.048,0.130435,0.144458,0.014,1.0,1.0,805,803,No,
oil_type_frying__Coconut oil,Oil type frying – Coconut oil,Diet (questionnaire),binary,,-0.008,0.041,0.0583851,0.0747198,0.0163,1.0,1.0,805,803,No,
oil_type_frying__Margarine,Oil type frying – Margarine,Diet (questionnaire),binary,,-0.003,0.003,0.00124224,0.00124533,3.09e-06,1.0,1.0,805,803,No,
oil_type_frying__Olive oil,Oil type frying – Olive oil,Diet (questionnaire),binary,,-0.044,0.054,0.53913,0.544209,0.00508,1.0,1.0,805,803,No,
oil_type_frying__Soy,Oil type frying – Soy,Diet (questionnaire),binary,,0.001,0.012,0.0,0.00622665,0.00623,1.0,1.0,805,803,No,
oil_type_frying__Soy Oil,Oil type frying – Soy Oil,Diet (questionnaire),binary,,-0.01,0.022,0.0248447,0.0311333,0.00629,1.0,1.0,805,803,No,
oil_type_frying__Vegetable oil - unknown type,Oil type frying – Vegetable oil - unknown type,Diet (questionnaire),binary,,-0.011,0.013,0.0149068,0.0161893,0.00128,1.0,1.0,805,803,No,
oil_type_frying__canola oil,Oil type frying – canola oil,Diet (questionnaire),binary,,-0.026,0.07,0.391304,0.41345,0.0221,1.0,1.0,805,803,No,
oil_type_frying__dont know,Oil type frying – dont know,Diet (questionnaire),binary,,-0.003,0.003,0.00124224,0.00124533,3.09e-06,1.0,1.0,805,803,No,
oil_type_frying__no,Oil type frying – no,Diet (questionnaire),binary,,-0.003,0.003,0.00124224,0.00124533,3.09e-06,1.0,1.0,805,803,No,
oil_type_frying__sunflower oil,Oil type frying – sunflower oil,Diet (questionnaire),binary,,-0.017,0.045,0.106832,0.120797,0.014,1.0,1.0,805,803,No,
add_salt_to_food_Always,Add salt to food always,Diet (questionnaire),binary,,-0.029,0.019,0.068323,0.0634328,-0.00489,1.0,1.0,805,804,No,
add_salt_to_food_Never,Add salt to food never,Diet (questionnaire),binary,,-0.027,0.027,0.084472,0.0845771,0.000105,1.0,1.0,805,804,No,
add_salt_to_food_sometimes,Add salt to food sometimes,Diet (questionnaire),binary,,-0.03,0.037,0.134161,0.13806,0.0039,1.0,1.0,805,804,No,
add_salt_to_food_usually,Add salt to food usually,Diet (questionnaire),binary,,-0.044,0.022,0.134161,0.123134,-0.011,1.0,1.0,805,804,No,
cheese_fat_percentage_how_Do not pay attention to the percentage of fat in the cheese,Cheese fat percentage – Do not pay attention to the percentage of fat in the cheese,Diet (questionnaire),binary,,-0.06,0.009,0.159006,0.133085,-0.0259,1.0,1.0,805,804,No,
cheese_fat_percentage_how_I eat mainly fatty cheeses,Cheese fat percentage – I eat mainly fatty cheeses,Diet (questionnaire),binary,,-0.025,0.042,0.131677,0.140547,0.00887,1.0,1.0,805,804,No,
cheese_fat_percentage_how_If possible  buy cheese with 3% fat and less,Cheese fat percentage – If possible  buy cheese with 3% fat and less,Diet (questionnaire),binary,,-0.027,0.017,0.0571429,0.0522388,-0.0049,1.0,1.0,805,804,No,
cheese_fat_percentage_how_Make sure to buy lean cheeses with 9% fat or less,Cheese fat percentage – Make sure to buy lean cheeses with 9% fat or less,Diet (questionnaire),binary,,-0.04,0.043,0.242236,0.243781,0.00155,1.0,1.0,805,804,No,
cheese_milk_products_Beef,Cheese milk products beef,Diet (questionnaire),binary,,-0.067,0.031,0.470807,0.452736,-0.0181,1.0,1.0,805,804,No,
cheese_milk_products_Goats,Cheese milk products goats,Diet (questionnaire),binary,,-0.035,0.023,0.0981366,0.0920398,-0.0061,1.0,1.0,805,804,No,
cheese_milk_products_I do not eat cheese,Cheese milk products – I do not eat cheese,Diet (questionnaire),binary,,-0.013,0.035,0.0596273,0.0708955,0.0113,1.0,1.0,805,804,No,
cheese_milk_products_Other,Cheese milk products other,Diet (questionnaire),binary,,-0.003,0.015,0.00496894,0.011194,0.00623,1.0,1.0,805,804,No,
cheese_milk_products_Sheep,Cheese milk products sheep,Diet (questionnaire),binary,,-0.008,0.013,0.0111801,0.0136816,0.0025,1.0,1.0,805,804,No,
coffee_type_Another type of coffee,Coffee type – Another type of coffee,Diet (questionnaire),binary,,-0.031,0.011,0.0546584,0.0447761,-0.00988,1.0,1.0,805,804,No,
coffee_type_Decaffeinated coffee,Coffee type – Decaffeinated coffee,Diet (questionnaire),binary,,-0.025,0.005,0.0298137,0.0199005,-0.00991,1.0,1.0,805,804,No,
coffee_type_Ground coffee such as espresso  filter and the like,Coffee type – Ground coffee such as espresso  filter and the like,Diet (questionnaire),binary,,-0.003,0.084,0.254658,0.294776,0.0401,1.0,1.0,805,804,No,
coffee_type_Instant coffee,Coffee type – Instant coffee,Diet (questionnaire),binary,,-0.022,0.052,0.165217,0.180348,0.0151,1.0,1.0,805,804,No,
coffee_type_dont know,Coffee type – dont know,Diet (questionnaire),binary,,-0.012,0.005,0.00993789,0.00621891,-0.00372,1.0,1.0,805,804,No,
coffee_type_prefer not to answer,Coffee type – prefer not to answer,Diet (questionnaire),binary,,-0.006,0.001,0.00248447,0.0,-0.00248,1.0,1.0,805,804,No,
diet_major_changes_5years_Yes  because of illness,Diet major changes 5years – Yes  because of illness,Diet (questionnaire),binary,,-0.03,0.006,0.0409938,0.028607,-0.0124,1.0,1.0,805,804,No,
diet_major_changes_5years_Yes  for other reasons,Diet major changes 5years – Yes  for other reasons,Diet (questionnaire),binary,,-0.055,0.028,0.239752,0.226368,-0.0134,1.0,1.0,805,804,No,
diet_major_changes_5years_no,Diet major changes 5years no,Diet (questionnaire),binary,,-0.016,0.079,0.361491,0.393035,0.0315,1.0,1.0,805,804,No,
diet_major_changes_5years_prefer not to answer,Diet major changes 5years – prefer not to answer,Diet (questionnaire),binary,,-0.008,0.0,0.00372671,0.0,-0.00373,1.0,1.0,805,804,No,
diet_vary_week_to_week_Never,Diet vary week to week never,Diet (questionnaire),binary,,-0.02,0.076,0.403727,0.431592,0.0279,1.0,1.0,805,804,No,
diet_vary_week_to_week_Often,Diet vary week to week often,Diet (questionnaire),binary,,-0.016,0.011,0.0198758,0.0174129,-0.00246,1.0,1.0,805,804,No,
diet_vary_week_to_week_dont know,Diet vary week to week – dont know,Diet (questionnaire),binary,,0.002,0.023,0.00621118,0.0186567,0.0124,1.0,1.0,805,804,No,
diet_vary_week_to_week_prefer not to answer,Diet vary week to week – prefer not to answer,Diet (questionnaire),binary,,-0.001,0.004,0.0,0.00124378,0.00124,1.0,1.0,805,804,No,
diet_vary_week_to_week_sometimes,Diet vary week to week sometimes,Diet (questionnaire),binary,,-0.055,0.023,0.207453,0.191542,-0.0159,1.0,1.0,805,804,No,
eat_beef_2-4 times a week,Eat beef – 2-4 times a week,Diet (questionnaire),binary,,-0.014,0.044,0.089441,0.104478,0.015,1.0,1.0,805,804,No,
eat_beef_Five to six times a week,Eat beef – Five to six times a week,Diet (questionnaire),binary,,-0.009,0.006,0.00621118,0.00497512,-0.00124,1.0,1.0,805,804,No,
eat_beef_Less than once a week,Eat beef – Less than once a week,Diet (questionnaire),binary,,-0.02,0.06,0.203727,0.223881,0.0202,1.0,1.0,805,804,No,
eat_beef_Never,Eat beef never,Diet (questionnaire),binary,,-0.027,0.009,0.0397516,0.0310945,-0.00866,1.0,1.0,805,804,No,
eat_beef_Once a week,Eat beef – Once a week,Diet (questionnaire),binary,,-0.057,0.013,0.161491,0.139303,-0.0222,1.0,1.0,805,804,No,
eat_beef_Once a week or more,Eat beef – Once a week or more,Diet (questionnaire),binary,,-0.007,0.004,0.00372671,0.00248756,-0.00124,1.0,1.0,805,804,No,
eat_beef_dont know,Eat beef – dont know,Diet (questionnaire),binary,,-0.002,0.007,0.00124224,0.00373134,0.00249,1.0,1.0,805,804,No,
eat_cereals_how_I do not eat,Eat cereals – I do not eat,Diet (questionnaire),binary,,-0.073,0.02,0.359006,0.33209,-0.0269,1.0,1.0,805,804,No,
eat_cereals_how_With added sugar,Eat cereals – With added sugar,Diet (questionnaire),binary,,-0.036,0.014,0.0770186,0.0659204,-0.0111,1.0,1.0,805,804,No,
eat_cereals_how_With artificial sweetener,Eat cereals – With artificial sweetener,Diet (questionnaire),binary,,-0.004,0.019,0.00993789,0.0174129,0.00748,1.0,1.0,805,804,No,
eat_cereals_how_Without added sugar,Eat cereals – Without added sugar,Diet (questionnaire),binary,,-0.012,0.07,0.21118,0.24005,0.0289,1.0,1.0,805,804,No,
eat_cheese_2-4 times a week,Eat cheese – 2-4 times a week,Diet (questionnaire),binary,,-0.077,0.001,0.216149,0.177861,-0.0383,1.0,1.0,805,804,No,
eat_cheese_Five to six times a week,Eat cheese – Five to six times a week,Diet (questionnaire),binary,,-0.013,0.056,0.134161,0.155473,0.0213,1.0,1.0,805,804,No,
eat_cheese_Less than once a week,Eat cheese – Less than once a week,Diet (questionnaire),binary,,-0.031,0.016,0.063354,0.0559701,-0.00738,1.0,1.0,805,804,No,
eat_cheese_Never,Eat cheese never,Diet (questionnaire),binary,,0.0,0.037,0.0273292,0.0460199,0.0187,1.0,1.0,805,804,No,
eat_cheese_Once a week,Eat cheese – Once a week,Diet (questionnaire),binary,,-0.023,0.023,0.0596273,0.0597015,7.42e-05,1.0,1.0,805,804,No,
eat_cheese_Once a week or more,Eat cheese – Once a week or more,Diet (questionnaire),binary,,-0.006,0.064,0.136646,0.165423,0.0288,1.0,1.0,805,804,No,
eat_chicken_poultry_2-4 times a week,Eat chicken poultry – 2-4 times a week,Diet (questionnaire),binary,,-0.018,0.063,0.212422,0.235075,0.0227,1.0,1.0,805,804,No,
eat_chicken_poultry_Five to six times a week,Eat chicken poultry – Five to six times a week,Diet (questionnaire),binary,,-0.02,0.023,0.0509317,0.0522388,0.00131,1.0,1.0,805,804,No,
eat_chicken_poultry_Less than once a week,Eat chicken poultry – Less than once a week,Diet (questionnaire),binary,,-0.037,0.018,0.0906832,0.0808458,-0.00984,1.0,1.0,805,804,No,
eat_chicken_poultry_Never,Eat chicken poultry never,Diet (questionnaire),binary,,-0.021,0.006,0.0223602,0.0149254,-0.00743,1.0,1.0,805,804,No,
eat_chicken_poultry_Once a week,Eat chicken poultry – Once a week,Diet (questionnaire),binary,,-0.025,0.04,0.122981,0.130597,0.00762,1.0,1.0,805,804,No,
eat_chicken_poultry_Once a week or more,Eat chicken poultry – Once a week or more,Diet (questionnaire),binary,,-0.012,0.007,0.0111801,0.00870647,-0.00247,1.0,1.0,805,804,No,
eat_chicken_poultry_dont know,Eat chicken poultry – dont know,Diet (questionnaire),binary,,-0.003,0.003,0.00124224,0.00124378,1.55e-06,1.0,1.0,805,804,No,
eat_kosher_Do not mix meat and milk,Eat kosher – Do not mix meat and milk,Diet (questionnaire),binary,,-0.067,-0.013,0.104348,0.0646766,-0.0397,1.0,1.0,805,804,No,
eat_kosher_Does not save,Eat kosher – Does not save,Diet (questionnaire),binary,,-0.007,0.09,0.489441,0.531095,0.0417,1.0,1.0,805,804,No,
eat_kosher_Maintains separation of several hours,Eat kosher – Maintains separation of several hours,Diet (questionnaire),binary,,-0.023,0.02,0.0521739,0.050995,-0.00118,1.0,1.0,805,804,No,
eat_kosher_Prefers not to answer,Eat kosher – Prefers not to answer,Diet (questionnaire),binary,,-0.008,0.0,0.00372671,0.0,-0.00373,1.0,1.0,805,804,No,
eat_lamb_mutton_Less than once a week,Eat lamb mutton – Less than once a week,Diet (questionnaire),binary,,-0.06,0.013,0.175155,0.151741,-0.0234,1.0,1.0,805,804,No,
eat_lamb_mutton_Never,Eat lamb mutton never,Diet (questionnaire),binary,,-0.005,0.088,0.31677,0.358209,0.0414,1.0,1.0,805,804,No,
eat_lamb_mutton_Once a week,Eat lamb mutton – Once a week,Diet (questionnaire),binary,,-0.003,0.008,0.00248447,0.00497512,0.00249,1.0,1.0,805,804,No,
eat_lamb_mutton_dont know,Eat lamb mutton – dont know,Diet (questionnaire),binary,,-0.004,0.019,0.00993789,0.0174129,0.00748,1.0,1.0,805,804,No,
eat_margarine_Often,Eat margarine often,Diet (questionnaire),binary,,-0.002,0.009,0.00124224,0.00497512,0.00373,1.0,1.0,805,804,No,
eat_margarine_dont know,Eat margarine – dont know,Diet (questionnaire),binary,,-0.017,0.022,0.0385093,0.0410448,0.00254,1.0,1.0,805,804,No,
eat_margarine_seldom,Eat margarine seldom,Diet (questionnaire),binary,,-0.087,0.009,0.612422,0.573383,-0.039,1.0,1.0,805,804,No,
eat_moldy_cheese_how_Between once and twice a month,Eat moldy cheese – Between once and twice a month,Diet (questionnaire),binary,,-0.014,0.052,0.122981,0.141791,0.0188,1.0,1.0,805,804,No,
eat_moldy_cheese_how_Between once and twice a week,Eat moldy cheese – Between once and twice a week,Diet (questionnaire),binary,,-0.026,0.011,0.042236,0.0348259,-0.00741,1.0,1.0,805,804,No,
eat_moldy_cheese_how_Once every few months,Eat moldy cheese – Once every few months,Diet (questionnaire),binary,,-0.066,0.017,0.253416,0.228856,-0.0246,1.0,1.0,805,804,No,
eat_moldy_cheese_how_no,Eat moldy cheese how no,Diet (questionnaire),binary,,-0.043,0.031,0.176398,0.170398,-0.006,1.0,1.0,805,804,No,
eat_oily_fish_2-4 times a week,Eat oily fish – 2-4 times a week,Diet (questionnaire),binary,,-0.018,0.028,0.0583851,0.0634328,0.00505,1.0,1.0,805,804,No,
eat_oily_fish_Five to six times a week,Eat oily fish – Five to six times a week,Diet (questionnaire),binary,,-0.006,0.009,0.00496894,0.00621891,0.00125,1.0,1.0,805,804,No,
eat_oily_fish_Less than once a week,Eat oily fish – Less than once a week,Diet (questionnaire),binary,,-0.064,0.022,0.275776,0.254975,-0.0208,1.0,1.0,805,804,No,
eat_oily_fish_Never,Eat oily fish never,Diet (questionnaire),binary,,-0.021,0.046,0.12795,0.140547,0.0126,1.0,1.0,805,804,No,
eat_oily_fish_Once a week,Eat oily fish – Once a week,Diet (questionnaire),binary,,-0.024,0.051,0.172671,0.186567,0.0139,1.0,1.0,805,804,No,
eat_oily_fish_Once a week or more,Eat oily fish – Once a week or more,Diet (questionnaire),binary,,-0.005,0.003,0.00248447,0.00124378,-0.00124,1.0,1.0,805,804,No,
eat_oily_fish_dont know,Eat oily fish – dont know,Diet (questionnaire),binary,,-0.002,0.007,0.00124224,0.00373134,0.00249,1.0,1.0,805,804,No,
eat_pork_Less than once a week,Eat pork – Less than once a week,Diet (questionnaire),binary,,-0.035,0.031,0.132919,0.130597,-0.00232,1.0,1.0,805,804,No,
eat_pork_Never,Eat pork never,Diet (questionnaire),binary,,0.006,0.1,0.344099,0.396766,0.0527,1.0,1.0,805,804,No,
eat_pork_Once a week,Eat pork – Once a week,Diet (questionnaire),binary,,-0.004,0.007,0.00248447,0.00373134,0.00125,1.0,1.0,805,804,No,
eat_pork_dont know,Eat pork – dont know,Diet (questionnaire),binary,,-0.009,0.012,0.0111801,0.0124378,0.00126,1.0,1.0,805,804,No,
eat_processed_meat_2-4 times a week,Eat processed meat – 2-4 times a week,Diet (questionnaire),binary,,-0.01,0.018,0.0186335,0.0223881,0.00375,1.0,1.0,805,804,No,
eat_processed_meat_Five to six times a week,Eat processed meat – Five to six times a week,Diet (questionnaire),binary,,-0.002,0.012,0.00248447,0.00746269,0.00498,1.0,1.0,805,804,No,
eat_processed_meat_Less than once a week,Eat processed meat – Less than once a week,Diet (questionnaire),binary,,-0.067,0.021,0.29441,0.271144,-0.0233,1.0,1.0,805,804,No,
eat_processed_meat_Never,Eat processed meat never,Diet (questionnaire),binary,,-0.003,0.065,0.124224,0.155473,0.0312,1.0,1.0,805,804,No,
eat_processed_meat_Once a week,Eat processed meat – Once a week,Diet (questionnaire),binary,,-0.006,0.041,0.0534161,0.0708955,0.0175,1.0,1.0,805,804,No,
eat_processed_meat_Once a week or more,Eat processed meat – Once a week or more,Diet (questionnaire),binary,,-0.007,0.004,0.00372671,0.00248756,-0.00124,1.0,1.0,805,804,No,
eat_processed_meat_dont know,Eat processed meat – dont know,Diet (questionnaire),binary,,-0.007,0.002,0.00372671,0.00124378,-0.00248,1.0,1.0,805,804,No,
eat_processed_meat_prefer not to answer,Eat processed meat – prefer not to answer,Diet (questionnaire),binary,,-0.004,0.001,0.00124224,0.0,-0.00124,1.0,1.0,805,804,No,
eatother_fish_2-4 times a week,Eatother fish – 2-4 times a week,Diet (questionnaire),binary,,-0.022,0.029,0.0720497,0.0758706,0.00382,1.0,1.0,805,804,No,
eatother_fish_Five to six times a week,Eatother fish – Five to six times a week,Diet (questionnaire),binary,,-0.003,0.008,0.00248447,0.00497512,0.00249,1.0,1.0,805,804,No,
eatother_fish_Less than once a week,Eatother fish – Less than once a week,Diet (questionnaire),binary,,-0.075,0.011,0.27205,0.24005,-0.032,1.0,1.0,805,804,No,
eatother_fish_Never,Eatother fish never,Diet (questionnaire),binary,,-0.033,0.033,0.132919,0.133085,0.000165,1.0,1.0,805,804,No,
eatother_fish_Once a week,Eatother fish – Once a week,Diet (questionnaire),binary,,0.012,0.086,0.147826,0.196517,0.0487,1.0,1.0,805,804,No,
eatother_fish_Once a week or more,Eatother fish – Once a week or more,Diet (questionnaire),binary,,-0.007,0.004,0.00372671,0.00248756,-0.00124,1.0,1.0,805,804,No,
eatother_fish_dont know,Eatother fish – dont know,Diet (questionnaire),binary,,-0.009,0.004,0.00621118,0.00373134,-0.00248,1.0,1.0,805,804,No,
spread_type_Another type of spread or margarine,Spread type – Another type of spread or margarine,Diet (questionnaire),binary,,-0.028,0.018,0.0596273,0.0547264,-0.0049,1.0,1.0,805,804,No,
spread_type_Butter or butter spread,Spread type – Butter or butter spread,Diet (questionnaire),binary,,-0.038,0.038,0.182609,0.182836,0.000227,1.0,1.0,805,804,No,
spread_type_Never or rarely need a spread,Spread type – Never or rarely need a spread,Diet (questionnaire),binary,,-0.054,0.04,0.376398,0.369403,-0.00699,1.0,1.0,805,804,No,
spread_type_dont know,Spread type – dont know,Diet (questionnaire),binary,,-0.016,0.016,0.0285714,0.028607,3.55e-05,1.0,1.0,805,804,No,
spread_type_prefer not to answer,Spread type – prefer not to answer,Diet (questionnaire),binary,,-0.004,0.001,0.00124224,0.0,-0.00124,1.0,1.0,805,804,No,
vegeterian_yes_no_no,Vegeterian yes no no,Diet (questionnaire),binary,,-0.049,0.048,0.520497,0.5199,-0.000596,1.0,1.0,805,804,No,
vegeterian_yes_no_yes,Vegeterian yes no yes,Diet (questionnaire),binary,,-0.042,0.02,0.121739,0.110697,-0.011,1.0,1.0,805,804,No,
wearable_running_monthly_hours,Wearable running monthly hours,Physical activity (logged),continuous,0.206,-0.06,0.472,0.153192,0.573236,,0.005,0.07,87,147,No,
wearable_other_monthly_hours,Wearable other monthly hours,Physical activity (logged),continuous,0.145,-0.069,0.358,0.206538,0.323662,,0.02,0.105,162,177,No,
wearable_total_monthly_hours,Wearable total monthly hours,Physical activity (logged),continuous,0.141,-0.015,0.297,1.32019,1.82283,,0.022,0.105,304,330,No,
wearable_aerobic_monthly_hours,Wearable aerobic monthly hours,Physical activity (logged),continuous,0.048,-0.193,0.289,0.182906,0.203247,,0.061,0.214,127,138,No,
wearable_crossfit_monthly_hours,Wearable crossfit monthly hours,Physical activity (logged),continuous,0.35,-0.035,0.736,0.088316,0.21172,,0.249,0.582,44,65,No,
wearable_meditation_monthly_hours,Wearable meditation monthly hours,Physical activity (logged),continuous,0.397,-0.158,0.951,0.0668212,0.124579,,0.247,0.582,25,26,No,
wearable_folkdances_monthly_hours,Wearable folkdances monthly hours,Physical activity (logged),continuous,-0.007,-0.418,0.403,0.363463,0.355602,,0.329,0.658,50,42,No,
wearable_basketball_monthly_hours,Wearable basketball monthly hours,Physical activity (logged),continuous,-0.007,-1.055,1.041,0.0886749,0.0881542,,0.62,0.776,7,7,No,
wearable_martialarts_monthly_hours,Wearable martialarts monthly hours,Physical activity (logged),continuous,-0.318,-1.188,0.552,0.246936,0.118317,,0.644,0.776,12,9,No,
wearable_swimming_monthly_hours,Wearable swimming monthly hours,Physical activity (logged),continuous,0.176,-0.143,0.495,0.18949,0.292076,,0.451,0.776,66,89,No,
wearable_weightlifting_monthly_hours,Wearable weightlifting monthly hours,Physical activity (logged),continuous,0.19,-0.076,0.456,0.204645,0.493844,,0.665,0.776,99,122,No,
wearable_yogaandpilates_monthly_hours,Wearable yogaandpilates monthly hours,Physical activity (logged),continuous,0.133,-0.04,0.306,0.350717,0.506865,,0.536,0.776,253,263,No,
wearable_bicycle_monthly_hours,Wearable bicycle monthly hours,Physical activity (logged),continuous,0.12,-0.219,0.46,0.237372,0.305263,,0.828,0.891,55,85,No,
wearable_walking_monthly_hours,Wearable walking monthly hours,Physical activity (logged),continuous,-0.058,-0.228,0.112,0.664389,0.549706,,0.996,0.996,255,278,No,
age_10_average_weight,Recalled body weight at age 10,Family history,continuous,0.18,0.064,0.296,2.01053,2.17962,,0.002,0.019,570,579,Yes,ordinal (questionnaire)
age_10_average_stature,Recalled height at age 10,Family history,continuous,0.145,0.03,0.261,2.24694,2.36285,,0.021,0.086,571,576,No,ordinal (questionnaire)
sisters_number,Sisters number,Family history,continuous,-0.082,-0.198,0.034,1.12035,1.03767,,0.11,0.294,565,584,No,
skin_colour_without_tanning,Skin colour without tanning,Family history,continuous,0.065,-0.05,0.18,2.37197,2.42132,,0.162,0.325,578,591,No,
older_siblings_number,Older siblings number,Family history,continuous,-0.092,-0.209,0.024,1.02688,0.918261,,0.337,0.483,558,575,No,
right_or_left_handed,Right or left handed,Family history,continuous,0.051,-0.064,0.166,1.13043,1.15085,,0.362,0.483,575,590,No,
brothers_number,Brothers number,Family history,continuous,0.004,-0.112,0.12,1.21326,1.21821,,0.713,0.713,558,582,No,
natural_hair_color,Natural hair color,Family history,continuous,-0.03,-0.145,0.085,4.09201,4.05753,,0.643,0.713,576,591,No,
father_still_alive,Father still alive,Family history,binary,,-0.06,0.055,0.553004,0.550256,-0.00275,1.0,1.0,566,587,No,
mother_still_alive,Mother still alive,Family history,binary,,-0.082,0.02,0.747811,0.716949,-0.0309,1.0,1.0,571,590,No,
multiple_birth,Multiple birth,Family history,binary,,-0.02,0.012,0.0225303,0.0186441,-0.00389,1.0,1.0,577,590,No,
family_member_non-accidental_death,Family history of member non-accidental death,Family history,binary,,-0.049,0.025,0.121265,0.109565,-0.0117,1.0,1.0,569,575,No,
adopted_as_a_child,Adopted as a child,Family history,binary,,-0.01,0.003,0.00520833,0.00169205,-0.00352,1.0,1.0,576,591,No,
family_Brain_Cancer,Family history of brain cancer,Family medical history,binary,,-0.004,0.002,0.00193237,0.000966184,-0.000966,1.0,1.0,1035,1035,No,
family_Lymphoma_DLBCL,Family history of lymphoma DLBCL,Family medical history,binary,,-0.002,0.004,0.000966184,0.00193237,0.000966,1.0,1.0,1035,1035,No,
family_CLL_Lymphoma,Family history of CLL lymphoma,Family medical history,binary,,-0.005,0.007,0.00386473,0.00483092,0.000966,1.0,1.0,1035,1035,No,
family_Mycosis_Fungoides,Family history of mycosis fungoides,Family medical history,binary,,-0.01,0.0,0.0057971,0.000966184,-0.00483,1.0,1.0,1035,1035,No,
family_Bone_Cancer,Family history of bone cancer,Family medical history,binary,,-0.001,0.003,0.0,0.000966184,0.000966,1.0,1.0,1035,1035,No,
family_Stomach_Cancer,Family history of stomach cancer,Family medical history,binary,,-0.001,0.003,0.0,0.000966184,0.000966,1.0,1.0,1035,1035,No,
family_Large_Intestine_Cancer,Family history of large intestine cancer,Family medical history,binary,,-0.01,0.008,0.0115942,0.010628,-0.000966,1.0,1.0,1035,1035,No,
family_Colon_Cancer,Family history of colon cancer,Family medical history,binary,,-0.018,0.003,0.0193237,0.0115942,-0.00773,1.0,1.0,1035,1035,No,
family_Colon_Cancer_2,Family history of colon cancer 2,Family medical history,binary,,-0.01,0.004,0.00772947,0.00483092,-0.0029,1.0,1.0,1035,1035,No,
family_Lung_Cancer,Family history of lung cancer,Family medical history,binary,,-0.019,0.003,0.0202899,0.0125604,-0.00773,1.0,1.0,1035,1035,No,
family_Melanoma,Family history of melanoma,Family medical history,binary,,-0.007,0.009,0.00869565,0.00966184,0.000966,1.0,1.0,1035,1035,No,
family_Ovarian_Cancer,Family history of ovarian cancer,Family medical history,binary,,-0.008,0.004,0.0057971,0.00386473,-0.00193,1.0,1.0,1035,1035,No,
family_Testicular_Cancer,Family history of testicular cancer,Family medical history,binary,,-0.001,0.003,0.0,0.000966184,0.000966,1.0,1.0,1035,1035,No,
family_Prostate_Cancer,Family history of prostate cancer,Family medical history,binary,,-0.006,0.006,0.00483092,0.00483092,0.0,1.0,1.0,1035,1035,No,
family_Kidney_Cancer,Family history of kidney cancer,Family medical history,binary,,-0.0,0.006,0.0,0.00289855,0.0029,1.0,1.0,1035,1035,No,
family_Bladder_Cancer,Family history of bladder cancer,Family medical history,binary,,-0.004,0.004,0.00193237,0.00193237,0.0,1.0,1.0,1035,1035,No,
family_Thyroid_Cancer,Family history of thyroid cancer,Family medical history,binary,,-0.003,0.005,0.00193237,0.00289855,0.000966,1.0,1.0,1035,1035,No,
family_Liver_Metastasis,Family history of liver metastasis,Family medical history,binary,,-0.003,0.003,0.000966184,0.000966184,0.0,1.0,1.0,1035,1035,No,
family_Coagulation_Defects,Family history of coagulation defects,Family medical history,binary,,-0.003,0.009,0.00289855,0.0057971,0.0029,1.0,1.0,1035,1035,No,
family_Thrombophilia,Family history of thrombophilia,Family medical history,binary,,-0.017,0.011,0.0270531,0.0241546,-0.0029,1.0,1.0,1035,1035,No,
family_Autoimmune_Disorder,Family history of autoimmune disorder,Family medical history,binary,,-0.028,-0.001,0.0338164,0.0193237,-0.0145,1.0,1.0,1035,1035,No,
family_Type1_Diabetes,Family history of type1 diabetes,Family medical history,binary,,-0.005,0.013,0.00869565,0.0125604,0.00386,1.0,1.0,1035,1035,No,
family_Type2_Diabetes,Family history of type2 diabetes,Family medical history,binary,,-0.02,0.041,0.143961,0.154589,0.0106,1.0,1.0,1035,1035,No,
family_Hyperlipidemia,Family history of hyperlipidemia,Family medical history,binary,,-0.018,0.038,0.115942,0.125604,0.00966,1.0,1.0,1035,1035,No,
family_Unknown_Condition,Family history of unknown condition,Family medical history,binary,,-0.004,0.006,0.00289855,0.00386473,0.000966,1.0,1.0,1035,1035,No,
family_Parkinson,Family history of parkinson,Family medical history,binary,,-0.026,0.002,0.0328502,0.021256,-0.0116,1.0,1.0,1035,1035,No,
family_Alzheimer,Family history of alzheimer,Family medical history,binary,,-0.023,0.013,0.0492754,0.0444444,-0.00483,1.0,1.0,1035,1035,No,
family_Stroke,Family history of stroke,Family medical history,binary,,-0.017,0.029,0.07343,0.0792271,0.0058,1.0,1.0,1035,1035,No,
family_Hypertension,Family history of hypertension,Family medical history,binary,,0.013,0.087,0.223188,0.27343,0.0502,1.0,1.0,1035,1035,No,
family_Ischemic_Heart_Disease,Family history of ischemic heart disease,Family medical history,binary,,-0.028,0.036,0.166184,0.170048,0.00386,1.0,1.0,1035,1035,No,
family_Depression,Family history of depression,Family medical history,binary,,-0.014,0.006,0.0154589,0.0115942,-0.00386,1.0,1.0,1035,1035,No,
family_Breast_Cancer,Family history of breast cancer,Family medical history,binary,,-0.003,0.024,0.0202899,0.0309179,0.0106,1.0,1.0,1035,1035,No,
family_Bronchitis,Family history of bronchitis,Family medical history,binary,,-0.009,0.022,0.0299517,0.036715,0.00676,1.0,1.0,1035,1035,No,
family_Asthma,Family history of asthma,Family medical history,binary,,-0.026,0.02,0.0801932,0.0772947,-0.0029,1.0,1.0,1035,1035,No,
family_Coeliac_Disease,Family history of coeliac disease,Family medical history,binary,,-0.006,0.018,0.0173913,0.0231884,0.0058,1.0,1.0,1035,1035,No,
family_Crohn_Disease,Family history of crohn disease,Family medical history,binary,,-0.019,0.006,0.0251208,0.0183575,-0.00676,1.0,1.0,1035,1035,No,
family_Chronic_Kidney_Disease,Family history of chronic kidney disease,Family medical history,binary,,-0.008,0.018,0.021256,0.026087,0.00483,1.0,1.0,1035,1035,No,
family_Sudden_Death,Family history of sudden death,Family medical history,binary,,-0.02,0.014,0.0405797,0.0376812,-0.0029,1.0,1.0,1035,1035,No,
Cardiovascular_family,Family history of cardiovascular,Family medical history,binary,,-0.005,0.074,0.282126,0.316908,0.0348,1.0,1.0,1035,1035,No,
Cancer_any_family,Family history of cancer any,Family medical history,binary,,-0.027,0.016,0.0705314,0.0647343,-0.0058,1.0,1.0,1035,1035,No,
Diabetes_family,Family history of diabetes,Family medical history,binary,,-0.018,0.044,0.14686,0.15942,0.0126,1.0,1.0,1035,1035,No,
Metabolic_family,Family history of metabolic,Family medical history,binary,,-0.025,0.046,0.215459,0.226087,0.0106,1.0,1.0,1035,1035,No,
Neurological_family,Family history of neurological,Family medical history,binary,,-0.039,0.005,0.0782609,0.0608696,-0.0174,1.0,1.0,1035,1035,No,
Autoimmune_family,Family history of autoimmune,Family medical history,binary,,-0.043,0.014,0.131401,0.116908,-0.0145,1.0,1.0,1035,1035,No,
Mental_Health_family,Family history of mental health,Family medical history,binary,,-0.014,0.006,0.0154589,0.0115942,-0.00386,1.0,1.0,1035,1035,No,
frailty_body_comp_arm_right_lean_mass,Arm right lean mass,Frailty,continuous,0.56,0.471,0.65,1.89025,2.07046,,2.7e-33,1.9e-32,1002,1001,Yes,kg
frailty_body_comp_arm_left_lean_mass,Arm left lean mass,Frailty,continuous,0.517,0.428,0.606,1.79698,1.96264,,1.6e-29,5.4e-29,1002,1001,Yes,kg
hand_grip_left,Hand grip left,Frailty,continuous,0.453,0.366,0.541,51.5304,56.6458,,2.7e-23,6.2e-23,1031,1032,Yes,lb
hand_grip_right,Hand grip right,Frailty,continuous,0.413,0.326,0.501,53.7566,59.2355,,8.3e-23,1.5e-22,1031,1033,Yes,lb
frailty_body_comp_leg_right_lean_mass,Leg right lean mass,Frailty,continuous,0.436,0.347,0.525,6.10254,6.50069,,2.3e-21,3.3e-21,1002,1001,Yes,kg
frailty_body_comp_leg_left_lean_mass,Leg left lean mass,Frailty,continuous,0.427,0.338,0.515,6.02962,6.41488,,2.1e-20,2.5e-20,1002,1001,Yes,kg
frailty_height,Height,Frailty,continuous,-0.054,-0.141,0.032,162.724,162.386,,0.157,0.157,1034,1034,No,cm
Arm_Swing_1D_in_z_dir_m: median - TM3,Arm swing 1D in z dir m: median - TM3,Gait,continuous,-0.284,-0.472,-0.095,0.237173,0.212981,,0.004,0.223,226,210,No,
Non_dir_Diff_Wrist_Sway_1D_in_z_dir_m: median - TMS,Non dir diff wrist sway 1D in z dir m: median - TMS,Gait,continuous,-0.304,-0.491,-0.118,0.0709698,0.0554047,,0.003,0.223,232,215,No,
Non_dir_Diff_Wrist_Sway_1D_in_z_dir_m: std - TM3,Non dir diff wrist sway 1D in z dir m: std - TM3,Gait,continuous,-0.211,-0.4,-0.023,0.0240708,0.0213048,,0.004,0.223,226,210,No,
Hedo_vrt_sway_m: median - TM3,Hedo vrt sway m: median - TM3,Gait,continuous,-0.222,-0.411,-0.034,0.0269867,0.0256619,,0.007,0.269,226,210,No,
LStep_length_m: median - TM3,Lstep length m: median - TM3,Gait,continuous,0.202,0.014,0.391,0.487168,0.497657,,0.031,0.293,226,210,No,
Cadence: median - TM3,Cadence: median - TM3,Gait,continuous,-0.224,-0.412,-0.035,100.513,98.4,,0.04,0.293,226,210,No,
LLeg_stance_time_s: median - TM3,Left leg stance time s: median - TM3,Gait,continuous,0.22,0.032,0.409,0.803832,0.820805,,0.04,0.293,226,210,No,
RArm_Swing_1D_in_z_dir_m: median - TM3,Right arm swing 1D in z dir m: median - TM3,Gait,continuous,-0.251,-0.44,-0.063,0.218796,0.195686,,0.015,0.293,226,210,No,
Non_dir_Ratio_Wrist_Sway_1D_in_z_dir: median - TMS,Non dir ratio wrist sway 1D in z dir: median - TMS,Gait,continuous,-0.193,-0.379,-0.007,1.4863,1.38739,,0.03,0.293,232,215,No,
RStep_time_s: median - TM3,Rstep time s: median - TM3,Gait,continuous,0.213,0.024,0.401,0.585615,0.598167,,0.035,0.293,226,210,No,
LLeg_swing_time_s: min - TM3,Left leg swing time s: min - TM3,Gait,continuous,0.184,-0.004,0.372,0.386035,0.393095,,0.029,0.293,226,210,No,
RLeg_single_support_time_s: std - TMS,Right leg single support time s: std - TMS,Gait,continuous,-0.208,-0.394,-0.022,0.00799569,0.00602791,,0.037,0.293,232,215,No,
Leg_swing_time_asymmetry_pct: min - TM3,Leg swing time asymmetry pct: min - TM3,Gait,continuous,-0.187,-0.375,0.002,0.512942,0.237738,,0.023,0.293,226,210,No,
Leg_swing_time_asymmetry_pct: std - TMS,Leg swing time asymmetry pct: std - TMS,Gait,continuous,-0.18,-0.366,0.006,1.47022,1.25356,,0.028,0.293,232,215,No,
RArm_Swing_1D_in_z_dir_m: std - TM3,Right arm swing 1D in z dir m: std - TM3,Gait,continuous,-0.125,-0.313,0.063,0.0274381,0.0252333,,0.03,0.293,226,210,No,
RLeg_double_support_time_s: median - TM3,Right leg double support time s: median - TM3,Gait,continuous,0.204,0.015,0.392,0.187323,0.195257,,0.022,0.293,226,210,No,
Step_length_asymmetry_pct: std - TMS,Step length asymmetry pct: std - TMS,Gait,continuous,-0.159,-0.345,0.027,1.02531,0.904595,,0.019,0.293,232,215,No,
RStep_time_s: max - TM3,Rstep time s: max - TM3,Gait,continuous,0.182,-0.007,0.37,0.620221,0.631733,,0.023,0.293,226,210,No,
Cadence: std - TM3,Cadence: std - TM3,Gait,continuous,0.235,0.047,0.424,1.50202,1.7972,,0.011,0.293,226,210,No,
RLeg_double_support_time_s: min - TM3,Right leg double support time s: min - TM3,Gait,continuous,0.214,0.026,0.402,0.163522,0.172795,,0.036,0.293,226,210,No,
Non_dir_Diff_Wrist_Sway_1D_in_z_dir_m: std - TMS,Non dir diff wrist sway 1D in z dir m: std - TMS,Gait,continuous,-0.198,-0.384,-0.012,0.017431,0.0151209,,0.042,0.293,232,215,No,
95% conf. ellipse area: median - sit_to_stand,95% conf. ellipse area: median - sit to stand,Gait,continuous,-0.226,-0.411,-0.041,31.0352,28.5343,,0.042,0.293,236,218,No,
LLeg_double_support_time_s: min - TM3,Left leg double support time s: min - TM3,Gait,continuous,0.186,-0.002,0.375,0.183792,0.190248,,0.045,0.298,226,210,No,
Step_width_m: median - TM3,Step width m: median - TM3,Gait,continuous,-0.213,-0.402,-0.025,0.149336,0.144543,,0.061,0.35,226,210,No,
Leg_stance_time_asymmetry_pct: median - TMS,Leg stance time asymmetry pct: median - TMS,Gait,continuous,-0.249,-0.436,-0.063,1.67675,1.2172,,0.057,0.35,232,215,No,
LStep_time_s: median - TM3,Lstep time s: median - TM3,Gait,continuous,0.144,-0.044,0.332,0.621456,0.630729,,0.06,0.35,226,210,No,
LLeg_double_support_time_s: median - TM3,Left leg double support time s: median - TM3,Gait,continuous,0.169,-0.019,0.358,0.202341,0.207633,,0.062,0.35,226,210,No,
LLeg_swing_time_s: median - TM3,Left leg swing time s: median - TM3,Gait,continuous,0.177,-0.011,0.365,0.402438,0.409514,,0.065,0.351,226,210,No,
sway velocity - ML  (mean): median - stationary,sway velocity - ML  (mean): median - stationary,Gait,continuous,-0.146,-0.331,0.038,7.15368,6.9751,,0.071,0.361,236,219,No,
sway area: median - stationary,sway area: median - stationary,Gait,continuous,-0.106,-0.29,0.078,23.5925,22.5054,,0.07,0.361,236,219,No,
Arm_Swing_1D_in_z_dir_m: median - TMS,Arm swing 1D in z dir m: median - TMS,Gait,continuous,-0.167,-0.353,0.018,0.224582,0.207837,,0.077,0.375,232,215,No,
Stride_time_s: max - TM3,Stride time s: max - TM3,Gait,continuous,0.126,-0.062,0.314,1.26017,1.27745,,0.081,0.385,226,210,No,
LStep_time_s: max - TM3,Lstep time s: max - TM3,Gait,continuous,0.058,-0.13,0.245,0.660398,0.665333,,0.084,0.385,226,210,No,
LStep_length_m: median - TMS,Lstep length m: median - TMS,Gait,continuous,0.149,-0.037,0.335,0.477996,0.490721,,0.102,0.43,232,215,No,
LLeg_single_support_time_s: median - TM3,Left leg single support time s: median - TM3,Gait,continuous,0.07,-0.118,0.258,0.414323,0.417833,,0.099,0.43,226,210,No,
Non_dir_Diff_Wrist_Sway_1D_in_z_dir_m: median - TM3,Non dir diff wrist sway 1D in z dir m: median - TM3,Gait,continuous,-0.183,-0.371,0.005,0.0686637,0.0598333,,0.098,0.43,226,210,No,
rms distance - AP: median - stationary,rms distance - AP: median - stationary,Gait,continuous,-0.134,-0.318,0.05,6.9934,6.63426,,0.108,0.445,236,219,No,
LLeg_double_support_time_s: std - TM3,Left leg double support time s: std - TM3,Gait,continuous,-0.142,-0.331,0.046,0.0123186,0.0111762,,0.114,0.454,226,210,No,
Leg_stance_time_asymmetry_pct: 95% pct - TM3,Leg stance time asymmetry pct: 95% pct - TM3,Gait,continuous,-0.095,-0.283,0.093,3.15198,2.92854,,0.127,0.484,226,210,No,
Non_dir_Ratio_Wrist_Sway_1D_in_z_dir: std - TMS,Non dir ratio wrist sway 1D in z dir: std - TMS,Gait,continuous,-0.19,-0.376,-0.004,0.155909,0.122084,,0.124,0.484,232,215,No,
sway path - AP: median - rombergs_closed,sway path - AP: median - rombergs closed,Gait,continuous,0.118,-0.066,0.303,60.7859,65.0247,,0.135,0.49,236,217,No,
95% conf. ellipse area: median - stationary,95% conf. ellipse area: median - stationary,Gait,continuous,-0.074,-0.258,0.11,66.4671,63.0852,,0.133,0.49,236,219,No,
Step_time_asymmetry_pct: median - TMS,Step time asymmetry pct: median - TMS,Gait,continuous,-0.125,-0.311,0.06,4.82585,4.30174,,0.139,0.491,232,215,No,
LStep_length_m: std - TM3,Lstep length m: std - TM3,Gait,continuous,-0.11,-0.298,0.078,0.0108009,0.0102476,,0.143,0.496,226,210,No,
centroidal frequency - AP: median - sit_to_stand,centroidal frequency - AP: median - sit to stand,Gait,continuous,0.14,-0.044,0.324,0.365975,0.377376,,0.151,0.51,236,218,No,
variability(/std) of sit to stand - repetitions: median - sit_to_stand,variability(/std) of sit to stand - repetitions: median - sit to stand,Gait,continuous,0.181,-0.004,0.366,498.963,653.786,,0.154,0.51,236,216,No,
LLeg_double_support_time_s: max - TM3,Left leg double support time s: max - TM3,Gait,continuous,0.104,-0.084,0.292,0.221416,0.224681,,0.162,0.524,226,210,No,
LStep_length_m: std - TMS,Lstep length m: std - TMS,Gait,continuous,-0.133,-0.319,0.052,0.00711638,0.00649767,,0.172,0.541,232,215,No,
RLeg_double_support_time_s: min - TMS,Right leg double support time s: min - TMS,Gait,continuous,0.053,-0.132,0.239,0.182483,0.186353,,0.174,0.541,232,215,No,
Sway Amplitude  - AP: median - rombergs_closed/rombergs_open,Sway Amplitude  - AP: median - rombergs closed/rombergs open,Gait,continuous,0.005,-0.179,0.19,1.0178,1.01894,,0.184,0.551,235,217,No,
chair-rise time (ms): median - sit_to_stand,chair-rise time (ms): median - sit to stand,Gait,continuous,-0.12,-0.305,0.064,676.059,662.809,,0.185,0.551,236,216,No,
RArm_Swing_1D_in_z_dir_m: median - TMS,Right arm swing 1D in z dir m: median - TMS,Gait,continuous,-0.141,-0.327,0.045,0.206164,0.191772,,0.191,0.558,232,215,No,
sway velocity - AP  (mean): median - stationary,sway velocity - AP  (mean): median - stationary,Gait,continuous,-0.125,-0.309,0.06,4.92567,4.7576,,0.199,0.563,236,219,No,
Stride_length_m: std - TMS,Stride length m: std - TMS,Gait,continuous,-0.107,-0.293,0.079,0.00964224,0.00892093,,0.2,0.563,232,215,No,
sway area: median - rombergs_closed,sway area: median - rombergs closed,Gait,continuous,0.13,-0.055,0.314,0.288881,0.332267,,0.214,0.591,236,217,No,
Hedo_vrt_sway_m: median - TMS,Hedo vrt sway m: median - TMS,Gait,continuous,-0.081,-0.266,0.105,0.0263534,0.025693,,0.225,0.594,232,215,No,
Walking_speed_kmh: median - TM3,Walking speed kmh: median - TM3,Gait,continuous,-0.093,-0.28,0.095,2.95749,2.9463,,0.231,0.594,226,210,No,
Step_time_asymmetry_pct: std - TM3,Step time asymmetry pct: std - TM3,Gait,continuous,-0.088,-0.276,0.1,2.41634,2.29963,,0.224,0.594,226,210,No,
Non_dir_Ratio_Wrist_Sway_1D_in_z_dir: std - TM3,Non dir ratio wrist sway 1D in z dir: std - TM3,Gait,continuous,0.039,-0.149,0.227,0.19046,0.200362,,0.245,0.594,226,210,No,
frequency - ML: median - stationary,frequency - ML: median - stationary,Gait,continuous,-0.095,-0.279,0.089,0.346042,0.330443,,0.246,0.594,236,219,No,
Step_time_asymmetry_pct: median - TM3,Step time asymmetry pct: median - TM3,Gait,continuous,-0.067,-0.255,0.121,4.42156,4.16545,,0.237,0.594,226,210,No,
Step_length_asymmetry_pct: std - TM3,Step length asymmetry pct: std - TM3,Gait,continuous,-0.15,-0.338,0.038,1.2796,1.18726,,0.246,0.594,226,210,No,
Walking_speed_kmh: min - TM3,Walking speed kmh: min - TM3,Gait,continuous,0.016,-0.172,0.204,2.88314,2.88616,,0.239,0.594,226,210,No,
Sway Amplitude  - AP: mean - rombergs_closed/rombergs_open,Sway Amplitude  - AP: mean - rombergs closed/rombergs open,Gait,continuous,-0.052,-0.236,0.132,1.01218,1.00335,,0.26,0.617,236,217,No,
Step_width_m: std - TMS,Step width m: std - TMS,Gait,continuous,-0.08,-0.266,0.106,0.00315948,0.0029907,,0.283,0.652,232,215,No,
Hedo_vrt_sway_m: std - TM3,Hedo vrt sway m: std - TM3,Gait,continuous,-0.058,-0.246,0.129,0.00223894,0.00219048,,0.281,0.652,226,210,No,
RLeg_double_support_time_s: median - TMS,Right leg double support time s: median - TMS,Gait,continuous,0.034,-0.152,0.219,0.197353,0.19993,,0.297,0.665,232,215,No,
chair-rise time (ms): std - sit_to_stand,chair-rise time (ms): std - sit to stand,Gait,continuous,-0.061,-0.245,0.124,64.3276,62.2373,,0.297,0.665,236,216,No,
Step_length_asymmetry_pct: 95% pct - TM3,Step length asymmetry pct: 95% pct - TM3,Gait,continuous,-0.143,-0.331,0.045,5.03486,4.67041,,0.307,0.677,226,210,No,
LStep_time_s: median - TMS,Lstep time s: median - TMS,Gait,continuous,0.043,-0.142,0.229,0.629991,0.633907,,0.324,0.703,232,215,No,
RArm_Swing_1D_in_z_dir_m: std - TMS,Right arm swing 1D in z dir m: std - TMS,Gait,continuous,-0.144,-0.33,0.041,0.0177328,0.0154372,,0.329,0.704,232,215,No,
Cadence: median - TMS,Cadence: median - TMS,Gait,continuous,-0.081,-0.267,0.105,100.203,99.2093,,0.334,0.705,232,215,No,
ML maximum sway range: median - sit_to_stand,ML maximum sway range: median - sit to stand,Gait,continuous,-0.112,-0.296,0.073,5.53077,5.3553,,0.342,0.713,236,218,No,
Cadence: std - TMS,Cadence: std - TMS,Gait,continuous,-0.094,-0.28,0.092,1.03671,0.91154,,0.348,0.716,232,215,No,
rms distance - AP: median - rombergs_closed,rms distance - AP: median - rombergs closed,Gait,continuous,0.079,-0.106,0.263,0.417229,0.430793,,0.357,0.723,236,217,No,
sway velocity - AP  (max): median - sit_to_stand,sway velocity - AP  (max): median - sit to stand,Gait,continuous,0.071,-0.113,0.255,101.76,103.822,,0.372,0.734,236,218,No,
sway velocity - ML  (max): median - rombergs_open,sway velocity - ML  (max): median - rombergs open,Gait,continuous,0.03,-0.154,0.214,7.88464,8.05896,,0.372,0.734,236,218,No,
sway area: median - sit_to_stand,sway area: median - sit to stand,Gait,continuous,-0.076,-0.261,0.108,20.0394,19.6544,,0.386,0.751,236,218,No,
frequency - ML: median - rombergs_open,frequency - ML: median - rombergs open,Gait,continuous,0.053,-0.131,0.238,1.91248,1.98684,,0.408,0.786,236,218,No,
rms distance - AP: median - rombergs_open,rms distance - AP: median - rombergs open,Gait,continuous,0.07,-0.114,0.254,0.445013,0.459945,,0.422,0.801,236,218,No,
frequency - ML: median - rombergs_closed,frequency - ML: median - rombergs closed,Gait,continuous,0.057,-0.128,0.241,2.24285,2.34098,,0.428,0.803,236,217,No,
LLeg_swing_time_s: median - TMS,Left leg swing time s: median - TMS,Gait,continuous,0.058,-0.128,0.243,0.401789,0.404284,,0.47,0.804,232,215,No,
Step_length_asymmetry_pct: median - TM3,Step length asymmetry pct: median - TM3,Gait,continuous,-0.119,-0.307,0.069,2.95083,2.71206,,0.461,0.804,226,210,No,
RLeg_swing_time_s: std - TMS,Right leg swing time s: std - TMS,Gait,continuous,-0.112,-0.297,0.074,0.0108836,0.00956744,,0.439,0.804,232,215,No,
Leg_swing_time_asymmetry_pct: min - TMS,Leg swing time asymmetry pct: min - TMS,Gait,continuous,-0.168,-0.354,0.018,1.5389,1.09219,,0.475,0.804,232,215,No,
frequency - ML: median - sit_to_stand,frequency - ML: median - sit to stand,Gait,continuous,0.079,-0.105,0.264,4.75995,4.91372,,0.482,0.804,236,218,No,
RStep_length_m: std - TMS,Rstep length m: std - TMS,Gait,continuous,-0.09,-0.275,0.096,0.00742241,0.00696279,,0.446,0.804,232,215,No,
LStep_time_s: std - TM3,Lstep time s: std - TM3,Gait,continuous,-0.055,-0.243,0.133,0.0213363,0.0204333,,0.48,0.804,226,210,No,
Step_time_asymmetry_pct: max - TMS,Step time asymmetry pct: max - TMS,Gait,continuous,-0.091,-0.277,0.095,7.36935,6.82478,,0.45,0.804,232,215,No,
Sway Amplitude - ML: std - rombergs_closed,Sway Amplitude - ML: std - rombergs closed,Gait,continuous,0.071,-0.114,0.255,116.276,123.732,,0.469,0.804,236,217,No,
Sway Amplitude - ML: std - rombergs_closed/rombergs_open,Sway Amplitude - ML: std - rombergs closed/rombergs open,Gait,continuous,0.102,-0.082,0.286,0.997568,1.0806,,0.478,0.804,236,217,No,
Walking_speed_kmh: median - TMS,Walking speed kmh: median - TMS,Gait,continuous,0.099,-0.087,0.284,2.90004,2.96565,,0.491,0.811,232,215,No,
RStep_time_s: median - TMS,Rstep time s: median - TMS,Gait,continuous,0.069,-0.117,0.254,0.59081,0.596386,,0.512,0.827,232,215,No,
Leg_stance_time_asymmetry_pct: median - TM3,Leg stance time asymmetry pct: median - TM3,Gait,continuous,-0.078,-0.266,0.11,1.42029,1.28225,,0.625,0.827,226,210,No,
LStep_time_s: std - TMS,Lstep time s: std - TMS,Gait,continuous,-0.077,-0.262,0.109,0.0212974,0.0177302,,0.542,0.827,232,215,No,
RLeg_single_support_time_s: std - TM3,Right leg single support time s: std - TM3,Gait,continuous,-0.087,-0.274,0.101,0.012323,0.011581,,0.629,0.827,226,210,No,
RLeg_swing_time_s: std - TM3,Right leg swing time s: std - TM3,Gait,continuous,0.002,-0.186,0.189,0.0152699,0.0152905,,0.612,0.827,226,210,No,
rms distance - ML: median - rombergs_open,rms distance - ML: median - rombergs open,Gait,continuous,-0.03,-0.214,0.154,0.283284,0.279087,,0.601,0.827,236,218,No,
rms distance - ML: median - sit_to_stand,rms distance - ML: median - sit to stand,Gait,continuous,-0.083,-0.267,0.101,1.16083,1.12808,,0.542,0.827,236,218,No,
sway velocity - ML  (max): median - stationary,sway velocity - ML  (max): median - stationary,Gait,continuous,-0.099,-0.283,0.085,46.0244,33.9468,,0.587,0.827,236,219,No,
sway velocity - AP  (max): median - rombergs_open,sway velocity - AP  (max): median - rombergs open,Gait,continuous,0.055,-0.13,0.239,20.6978,23.0043,,0.604,0.827,236,218,No,
sway velocity - AP  (mean): median - sit_to_stand,sway velocity - AP  (mean): median - sit to stand,Gait,continuous,0.071,-0.113,0.255,22.6212,22.9191,,0.613,0.827,236,218,No,
sway path - ML: median - rombergs_closed,sway path - ML: median - rombergs closed,Gait,continuous,0.102,-0.083,0.286,33.0213,34.1795,,0.57,0.827,236,217,No,
Non_dir_Ratio_Wrist_Sway_1D_in_z_dir: median - TM3,Non dir ratio wrist sway 1D in z dir: median - TM3,Gait,continuous,0.03,-0.158,0.218,1.44575,1.46359,,0.636,0.827,226,210,No,
RStep_length_m: std - TM3,Rstep length m: std - TM3,Gait,continuous,-0.072,-0.26,0.116,0.010854,0.0105095,,0.605,0.827,226,210,No,
RStep_time_s: std - TMS,Rstep time s: std - TMS,Gait,continuous,-0.119,-0.304,0.067,0.0156207,0.0142372,,0.605,0.827,232,215,No,
Step_time_asymmetry_pct: min - TM3,Step time asymmetry pct: min - TM3,Gait,continuous,-0.057,-0.245,0.131,0.93865,0.819619,,0.565,0.827,226,210,No,
Walking_speed_kmh: std - TM3,Walking speed kmh: std - TM3,Gait,continuous,-0.158,-0.346,0.03,0.0360265,0.0301095,,0.588,0.827,226,210,No,
LLeg_double_support_time_s: std - TMS,Left leg double support time s: std - TMS,Gait,continuous,-0.107,-0.292,0.079,0.0101595,0.00786512,,0.64,0.827,232,215,No,
RLeg_double_support_time_s: std - TMS,Right leg double support time s: std - TMS,Gait,continuous,-0.008,-0.193,0.178,0.012944,0.0126744,,0.608,0.827,232,215,No,
LArm_Swing_1D_in_z_dir_m: std - TM3,Left arm swing 1D in z dir m: std - TM3,Gait,continuous,-0.004,-0.192,0.184,0.0246504,0.0245857,,0.636,0.827,226,210,No,
Arm_Swing_1D_in_z_dir_m: std - TMS,Arm swing 1D in z dir m: std - TMS,Gait,continuous,-0.132,-0.318,0.053,0.0135345,0.0120419,,0.576,0.827,232,215,No,
Non_dir_Diff_Wrist_Sway_1D_in_z_dir_m: min - TM3,Non dir diff wrist sway 1D in z dir m: min - TM3,Gait,continuous,-0.133,-0.321,0.056,0.0296195,0.0249286,,0.642,0.827,226,210,No,
95% conf. ellipse area: median - rombergs_closed,95% conf. ellipse area: median - rombergs closed,Gait,continuous,0.104,-0.081,0.288,0.289703,0.314429,,0.633,0.827,236,217,No,
sway area: median - rombergs_open,sway area: median - rombergs open,Gait,continuous,0.078,-0.106,0.263,0.332305,0.352963,,0.537,0.827,236,218,No,
Sway Amplitude  - AP: median - rombergs_closed,Sway Amplitude  - AP: median - rombergs closed,Gait,continuous,-0.08,-0.264,0.105,221.344,212.664,,0.561,0.827,236,217,No,
Sway Amplitude - ML: median - rombergs_open,Sway Amplitude - ML: median - rombergs open,Gait,continuous,-0.006,-0.19,0.178,76.1356,75.9096,,0.558,0.827,236,218,No,
Sway Amplitude - ML: mean - rombergs_closed/rombergs_open,Sway Amplitude - ML: mean - rombergs closed/rombergs open,Gait,continuous,0.1,-0.084,0.285,1.00751,1.03267,,0.506,0.827,236,217,No,
frequency: median - rombergs_open,frequency: median - rombergs open,Gait,continuous,0.069,-0.115,0.253,0.938411,0.972573,,0.66,0.844,236,218,No,
sway path - ML: median - rombergs_open,sway path - ML: median - rombergs open,Gait,continuous,0.071,-0.113,0.255,33.4714,34.1951,,0.678,0.856,236,218,No,
frequency - AP: median - stationary,frequency - AP: median - stationary,Gait,continuous,0.061,-0.123,0.245,0.17364,0.179046,,0.681,0.856,236,219,No,
LLeg_stance_time_s: median - TMS,Left leg stance time s: median - TMS,Gait,continuous,-0.012,-0.198,0.173,0.827737,0.826074,,0.732,0.869,232,215,No,
RLeg_double_support_time_s: std - TM3,Right leg double support time s: std - TM3,Gait,continuous,-0.05,-0.238,0.138,0.016208,0.0151952,,0.709,0.869,226,210,No,
sway velocity - AP  (max): median - rombergs_closed,sway velocity - AP  (max): median - rombergs closed,Gait,continuous,-0.073,-0.257,0.112,27.0919,23.3525,,0.732,0.869,236,217,No,
sway path - ML: median - sit_to_stand,sway path - ML: median - sit to stand,Gait,continuous,0.03,-0.154,0.214,121.516,122.171,,0.716,0.869,236,218,No,
Step_width_m: std - TM3,Step width m: std - TM3,Gait,continuous,-0.055,-0.243,0.133,0.00497788,0.00485238,,0.699,0.869,226,210,No,
LLeg_double_support_time_s: min - TMS,Left leg double support time s: min - TMS,Gait,continuous,0.033,-0.153,0.219,0.201871,0.203493,,0.715,0.869,232,215,No,
Sway Amplitude  - AP: std - rombergs_closed/rombergs_open,Sway Amplitude  - AP: std - rombergs closed/rombergs open,Gait,continuous,-0.03,-0.214,0.155,1.00745,1.00133,,0.726,0.869,236,217,No,
Step_length_asymmetry_pct: median - TMS,Step length asymmetry pct: median - TMS,Gait,continuous,-0.019,-0.205,0.166,3.16625,3.11835,,0.755,0.889,232,215,No,
LLeg_double_support_time_s: median - TMS,Left leg double support time s: median - TMS,Gait,continuous,-0.01,-0.196,0.175,0.213302,0.212786,,0.787,0.92,232,215,No,
Step_time_asymmetry_pct: std - TMS,Step time asymmetry pct: std - TMS,Gait,continuous,-0.082,-0.268,0.103,2.02511,1.86352,,0.81,0.925,232,215,No,
Stride_length_m: std - TM3,Stride length m: std - TM3,Gait,continuous,-0.01,-0.198,0.178,0.015323,0.0152429,,0.815,0.925,226,210,No,
LArm_Swing_1D_in_z_dir_m: std - TMS,Left arm swing 1D in z dir m: std - TMS,Gait,continuous,-0.059,-0.245,0.126,0.0143319,0.0136465,,0.812,0.925,232,215,No,
Sway Amplitude - ML: median - rombergs_closed,Sway Amplitude - ML: median - rombergs closed,Gait,continuous,-0.026,-0.21,0.158,77.1757,76.1731,,0.805,0.925,236,217,No,
Stride_time_s: std - TM3,Stride time s: std - TM3,Gait,continuous,-0.035,-0.223,0.153,0.0266283,0.0258,,0.863,0.93,226,210,No,
Stride_time_s: std - TMS,Stride time s: std - TMS,Gait,continuous,-0.072,-0.257,0.114,0.0229009,0.0199395,,0.853,0.93,232,215,No,
AP maximum sway range: median - sit_to_stand,AP maximum sway range: median - sit to stand,Gait,continuous,-0.053,-0.237,0.131,39.631,39.3238,,0.858,0.93,236,218,No,
ML maximum sway range: median - rombergs_closed,ML maximum sway range: median - rombergs closed,Gait,continuous,0.015,-0.169,0.199,1.20081,1.20888,,0.858,0.93,236,217,No,
frequency: median - rombergs_closed,frequency: median - rombergs closed,Gait,continuous,0.013,-0.172,0.197,1.03628,1.04282,,0.835,0.93,236,217,No,
Hedo_vrt_sway_m: std - TMS,Hedo vrt sway m: std - TMS,Gait,continuous,-0.036,-0.222,0.149,0.00156034,0.00152558,,0.843,0.93,232,215,No,
Sway Amplitude  - AP: std - rombergs_open,Sway Amplitude  - AP: std - rombergs open,Gait,continuous,-0.003,-0.187,0.181,253.329,252.967,,0.86,0.93,236,218,No,
ML maximum sway range: median - stationary,ML maximum sway range: median - stationary,Gait,continuous,-0.014,-0.197,0.17,16.9132,16.809,,0.904,0.963,236,219,No,
RStep_time_s: std - TM3,Rstep time s: std - TM3,Gait,continuous,-0.065,-0.253,0.123,0.0204823,0.0198619,,0.918,0.963,226,210,No,
Sway Amplitude  - AP: std - rombergs_closed,Sway Amplitude  - AP: std - rombergs closed,Gait,continuous,-0.021,-0.205,0.163,250.55,248.013,,0.913,0.963,236,217,No,
Sway Amplitude - ML: std - rombergs_open,Sway Amplitude - ML: std - rombergs open,Gait,continuous,-0.05,-0.235,0.134,122.97,119.758,,0.909,0.963,236,218,No,
LLeg_single_support_time_s: median - TMS,Left leg single support time s: median - TMS,Gait,continuous,-0.072,-0.257,0.114,0.41697,0.413102,,0.941,0.966,232,215,No,
Walking_speed_kmh: std - TMS,Walking speed kmh: std - TMS,Gait,continuous,-0.11,-0.296,0.075,0.0331379,0.0267488,,0.937,0.966,232,215,No,
sway velocity - ML  (max): median - rombergs_closed,sway velocity - ML  (max): median - rombergs closed,Gait,continuous,0.021,-0.163,0.206,7.57505,7.65467,,0.959,0.966,236,217,No,
95% conf. ellipse area: median - rombergs_open,95% conf. ellipse area: median - rombergs open,Gait,continuous,0.045,-0.139,0.229,0.367839,0.385014,,0.959,0.966,236,218,No,
frequency: median - stationary,frequency: median - stationary,Gait,continuous,-0.008,-0.192,0.176,0.238699,0.238041,,0.954,0.966,236,219,No,
Sway Amplitude  - AP: median - rombergs_open,Sway Amplitude  - AP: median - rombergs open,Gait,continuous,-0.03,-0.215,0.154,217.606,214.575,,0.946,0.966,236,218,No,
Non_dir_Ratio_Wrist_Sway_1D_in_z_dir: min - TM3,Non dir ratio wrist sway 1D in z dir: min - TM3,Gait,continuous,-0.006,-0.194,0.181,1.17934,1.17723,,0.991,0.991,226,210,No,
iglu_1st_quartile,iGlu 1st quartile,Glycemic status,continuous,0.089,-0.108,0.287,86.1541,86.8995,,0.265,0.749,194,200,No,
iglu_above_140,iGlu above 140,Glycemic status,continuous,0.101,-0.097,0.298,2.02959,2.30333,,0.313,0.749,194,200,No,
iglu_below_70,iGlu below 70,Glycemic status,continuous,-0.002,-0.199,0.196,3.85158,3.84105,,0.104,0.749,194,200,No,
iglu_in_range_70_180,iGlu in range 70 180,Glycemic status,continuous,0.005,-0.192,0.203,95.9995,96.0354,,0.085,0.749,194,200,No,
iglu_adrr,iGlu adrr,Glycemic status,continuous,-0.099,-0.297,0.098,10.3234,9.92262,,0.189,0.749,194,200,No,
iglu_auc,iGlu auc,Glycemic status,continuous,0.095,-0.103,0.292,95.5559,96.4118,,0.31,0.749,194,200,No,
iglu_cogi,iGlu cogi,Glycemic status,continuous,0.062,-0.135,0.26,90.1602,91.0232,,0.106,0.749,194,200,No,
iglu_conga,iGlu conga,Glycemic status,continuous,0.067,-0.13,0.265,16.796,17.0761,,0.291,0.749,194,200,No,
iglu_cv_measures_sd,iGlu cv measures sd,Glycemic status,continuous,0.061,-0.136,0.259,3.21341,3.29543,,0.328,0.749,194,200,No,
iglu_ea1c,iGlu ea1c,Glycemic status,continuous,0.094,-0.104,0.292,4.95584,4.98547,,0.323,0.749,194,200,No,
iglu_gmi,iGlu gmi,Glycemic status,continuous,0.094,-0.104,0.292,5.59514,5.61548,,0.322,0.749,194,200,No,
iglu_grade_hyper,iGlu grade hyper,Glycemic status,continuous,0.12,-0.078,0.318,11.8652,13.2855,,0.251,0.749,194,200,No,
iglu_grade_hypo,iGlu grade hypo,Glycemic status,continuous,-0.148,-0.346,0.049,29.726,25.304,,0.19,0.749,194,200,No,
iglu_hypo_index,iGlu hypo index,Glycemic status,continuous,0.033,-0.164,0.231,0.484591,0.513188,,0.132,0.749,194,200,No,
iglu_igc,iGlu igc,Glycemic status,continuous,0.034,-0.164,0.231,0.498231,0.52729,,0.167,0.749,194,200,No,
iglu_lbgi,iGlu lbgi,Glycemic status,continuous,-0.071,-0.268,0.127,2.08681,1.9811,,0.228,0.749,194,200,No,
iglu_mage,iGlu mage,Glycemic status,continuous,0.1,-0.098,0.297,36.2898,37.2691,,0.224,0.749,194,200,No,
iglu_mean,iGlu mean,Glycemic status,continuous,0.094,-0.104,0.292,95.5328,96.3828,,0.322,0.749,194,200,No,
iglu_modd,iGlu modd,Glycemic status,continuous,0.061,-0.136,0.259,12.1409,12.318,,0.275,0.749,194,200,No,
iglu_sdb,iGlu sdb,Glycemic status,continuous,0.099,-0.099,0.296,11.4472,11.7096,,0.24,0.749,194,200,No,
iglu_sdbdm,iGlu sdbdm,Glycemic status,continuous,0.109,-0.089,0.306,10.4398,10.7088,,0.197,0.749,194,200,No,
iglu_3rd_quartile,iGlu 3rd quartile,Glycemic status,continuous,0.091,-0.107,0.289,102.394,103.288,,0.425,0.809,194,200,No,
iglu_in_range_63_140,iGlu in range 63 140,Glycemic status,continuous,-0.155,-0.353,0.042,96.8025,96.2779,,0.408,0.809,194,200,No,
iglu_hbgi,iGlu hbgi,Glycemic status,continuous,0.053,-0.144,0.251,0.116956,0.124521,,0.425,0.809,194,200,No,
iglu_hyper_index,iGlu hyper index,Glycemic status,continuous,0.02,-0.177,0.218,0.0136402,0.014105,,0.464,0.809,194,200,No,
iglu_j_index,iGlu j index,Glycemic status,continuous,0.084,-0.113,0.282,12.2738,12.4758,,0.387,0.809,194,200,No,
iglu_m_value,iGlu m value,Glycemic status,continuous,0.083,-0.115,0.281,0.900743,0.952912,,0.481,0.809,194,200,No,
iglu_median,iGlu median,Glycemic status,continuous,0.075,-0.123,0.272,92.9366,93.591,,0.443,0.809,194,200,No,
iglu_sd,iGlu sd,Glycemic status,continuous,0.025,-0.172,0.223,14.7207,14.8073,,0.489,0.809,194,200,No,
iglu_above_250,iGlu above 250,Glycemic status,continuous,-0.099,-0.297,0.098,0.00289124,0.0004005,,0.545,0.817,194,200,No,
iglu_iqr,iGlu iqr,Glycemic status,continuous,0.037,-0.16,0.235,16.2394,16.389,,0.52,0.817,194,200,No,
iglu_sdw,iGlu sdw,Glycemic status,continuous,0.024,-0.174,0.221,13.3593,13.4367,,0.542,0.817,194,200,No,
iglu_below_54,iGlu below 54,Glycemic status,continuous,0.137,-0.061,0.335,0.230749,0.331301,,0.611,0.828,194,200,No,
iglu_cv_measures_mean,iGlu cv measures mean,Glycemic status,continuous,-0.01,-0.208,0.187,13.9975,13.9659,,0.591,0.828,194,200,No,
iglu_grade_eugly,iGlu grade eugly,Glycemic status,continuous,0.007,-0.191,0.204,71.6392,71.7619,,0.64,0.828,194,200,No,
iglu_mad,iGlu mad,Glycemic status,continuous,0.013,-0.184,0.211,11.4863,11.522,,0.673,0.828,194,200,No,
iglu_sdhhmm,iGlu sdhhmm,Glycemic status,continuous,-0.075,-0.273,0.122,8.0788,7.87669,,0.656,0.828,194,200,No,
iglu_sdwsh,iGlu sdwsh,Glycemic status,continuous,-0.083,-0.28,0.115,5.06717,4.97203,,0.644,0.828,194,200,No,
bt__glucose,Glucose,Glycemic status,continuous,-0.045,-0.194,0.103,87.4226,86.6725,,0.606,0.828,371,327,No,
iglu_above_180,iGlu above 180,Glycemic status,continuous,-0.068,-0.266,0.13,0.148955,0.123516,,0.73,0.849,194,200,No,
iglu_cv,iGlu cv,Glycemic status,continuous,-0.005,-0.202,0.193,15.412,15.3961,,0.732,0.849,194,200,No,
iglu_grade,iGlu grade,Glycemic status,continuous,0.085,-0.113,0.282,1.02081,1.06334,,0.76,0.849,194,200,No,
iglu_gvp,iGlu gvp,Glycemic status,continuous,-0.096,-0.294,0.102,7.9403,7.63475,,0.756,0.849,194,200,No,
iglu_sd_roc,iGlu sd roc,Glycemic status,continuous,-0.072,-0.27,0.125,0.429534,0.422492,,0.827,0.882,194,200,No,
iglu_sddm,iGlu sddm,Glycemic status,continuous,0.01,-0.187,0.208,4.45237,4.47297,,0.817,0.882,194,200,No,
iglu_mag,iGlu mag,Glycemic status,continuous,-0.018,-0.216,0.179,10.2958,10.2493,,0.881,0.919,194,200,No,
iglu_range,iGlu range,Glycemic status,continuous,-0.013,-0.211,0.184,109.503,109.107,,0.919,0.938,194,200,No,
bt__hba1c,HbA1c,Glycemic status,continuous,-0.006,-0.166,0.153,1.00619,0.993293,,0.957,0.957,315,290,No,
bt__mch,Mean corpuscular haemoglobin (MCH),Hematopoietic,continuous,0.222,0.134,0.31,30.4038,30.7724,,2.4e-07,1.9e-06,997,987,Yes,pg
bt__mcv,Mean corpuscular volume (MCV),Hematopoietic,continuous,0.162,0.074,0.25,89.5323,90.2214,,0.00014,0.00038,995,988,Yes,fL
bt__rdw,Red cell distribution width (RDW),Hematopoietic,continuous,-0.166,-0.254,-0.077,13.3675,13.2423,,0.00014,0.00038,997,984,Yes,%
bt__mchc,Mean corpuscular haemoglobin concentration (MCHC),Hematopoietic,continuous,0.149,0.06,0.237,33.9741,34.101,,0.00034,0.00068,998,989,Yes,
bt__hemoglobin,Hemoglobin,Hematopoietic,continuous,0.153,0.065,0.241,13.2239,13.3547,,0.00062,0.001,998,987,Yes,
bt__hct,Hct,Hematopoietic,continuous,0.088,-0.0,0.176,38.9308,39.1478,,0.059,0.078,997,987,No,
bt__rbc,Red blood cell count (RBC),Hematopoietic,continuous,-0.031,-0.119,0.058,4.36019,4.35026,,0.636,0.666,989,976,No,
bt__ferritin,Ferritin,Hematopoietic,continuous,0.085,-0.11,0.28,54.5907,57.9663,,0.666,0.666,217,189,No,
Energy / BMR,Energy / BMR,Diet (nutrient intake),continuous,0.202,0.111,0.294,1.11842,1.17074,,1.5e-05,0.002,924,924,Yes,ratio
IMEDAS_score_per_day,Mediterranean diet score (IMEDAS),Diet (nutrient intake),continuous,0.192,0.1,0.283,9.99354,10.2707,,4.5e-05,0.003,924,924,Yes,ordinal (questionnaire)
Vitamin B-6,Vitamin B-6,Diet (nutrient intake),continuous,0.178,0.087,0.27,0.00100681,0.00105309,,0.00013,0.005,924,924,Yes,
"Potassium, K","Potassium, K",Diet (nutrient intake),continuous,0.122,0.031,0.214,1.62894,1.67405,,0.00056,0.018,924,924,Yes,
"Manganese, Mn","Manganese, Mn",Diet (nutrient intake),continuous,0.117,0.026,0.208,0.00245587,0.00272889,,0.00087,0.022,924,924,Yes,
NOVA_pct,Nova (%),Diet (nutrient intake),continuous,-0.14,-0.231,-0.049,0.18737,0.174517,,0.001,0.025,924,924,Yes,
Phytosterols,Phytosterols,Diet (nutrient intake),continuous,0.109,0.017,0.2,0.275509,0.290981,,0.002,0.029,924,924,Yes,
"Phosphorus, P","Phosphorus, P",Diet (nutrient intake),continuous,0.149,0.057,0.24,0.726553,0.745159,,0.002,0.035,924,924,Yes,
"Zinc, Zn","Zinc, Zn",Diet (nutrient intake),continuous,0.145,0.053,0.236,0.00530187,0.00545588,,0.006,0.087,924,924,No,
"Magnesium, Mg","Magnesium, Mg",Diet (nutrient intake),continuous,0.138,0.047,0.229,0.189802,0.195615,,0.01,0.11,924,924,No,
"Copper, Cu","Copper, Cu",Diet (nutrient intake),continuous,0.145,0.053,0.236,0.000885787,0.000921706,,0.01,0.11,924,924,No,
sweets,Sweets,Diet (nutrient intake),continuous,-0.12,-0.212,-0.029,0.118697,0.109381,,0.011,0.112,924,924,No,
Biotin,Biotin,Diet (nutrient intake),continuous,0.022,-0.069,0.113,0.00355611,0.00369655,,0.014,0.126,924,924,No,
eatLANCET_score_per_day,Eatlancet score per day,Diet (nutrient intake),continuous,0.119,0.028,0.211,22.1126,22.6093,,0.014,0.126,924,924,No,
Foods_per_day,Foods per day,Diet (nutrient intake),continuous,0.101,0.009,0.192,12.7501,13.1463,,0.018,0.126,924,924,No,
pct_carb_calories,% carb calories,Diet (nutrient intake),continuous,-0.088,-0.179,0.003,44.2593,43.5216,,0.016,0.126,924,924,No,
DASH_score,DASH score,Diet (nutrient intake),continuous,0.106,0.015,0.198,3.20978,3.30823,,0.016,0.126,924,924,No,
MedOilandfats,MedOilandfats,Diet (nutrient intake),continuous,0.118,0.027,0.209,0.0404708,0.0458398,,0.018,0.126,924,924,No,
omega_6,Omega 6,Diet (nutrient intake),continuous,0.118,0.027,0.209,0.0124785,0.0128112,,0.022,0.146,924,924,No,
Pantothenic acid,Pantothenic acid,Diet (nutrient intake),continuous,0.121,0.029,0.212,0.0032503,0.00334863,,0.026,0.159,924,924,No,
Vitamin K,Vitamin K,Diet (nutrient intake),continuous,0.067,-0.024,0.158,0.0955409,0.101121,,0.027,0.159,924,924,No,
wfpb_score_per_day,Wfpb score per day,Diet (nutrient intake),continuous,0.109,0.018,0.201,0.25282,0.27102,,0.028,0.159,924,924,No,
Fasting_window,Fasting window,Diet (nutrient intake),continuous,-0.101,-0.192,-0.009,12.6542,12.4465,,0.03,0.163,924,924,No,
plant_foods_per_day,Plant foods per day,Diet (nutrient intake),continuous,0.095,0.004,0.187,7.67455,7.95553,,0.035,0.168,924,924,No,
hPDI_score_per_day,Hpdi score per day,Diet (nutrient intake),continuous,0.101,0.01,0.193,62.2803,63.0162,,0.034,0.168,924,924,No,
wfpb_score_per_day_cv,Wfpb score per day cv,Diet (nutrient intake),continuous,-0.088,-0.179,0.003,0.926097,0.878595,,0.033,0.168,924,924,No,
Starch,Starch,Diet (nutrient intake),continuous,-0.107,-0.198,-0.015,0.0616715,0.0593981,,0.038,0.178,924,924,No,
"Fluoride, F","Fluoride, F",Diet (nutrient intake),continuous,0.102,0.011,0.194,0.332927,0.368312,,0.044,0.189,924,924,No,
aHEI_score_per_day,Ahei score per day,Diet (nutrient intake),continuous,0.1,0.009,0.191,53.557,54.267,,0.043,0.189,924,924,No,
"Iron, Fe","Iron, Fe",Diet (nutrient intake),continuous,0.11,0.018,0.201,0.00751625,0.007701,,0.05,0.208,924,924,No,
plant_foods_per_week,Plant foods per week,Diet (nutrient intake),continuous,0.092,0.001,0.183,29.1991,30.1439,,0.054,0.208,924,924,No,
pct_alcohol_calories,% alcohol calories,Diet (nutrient intake),continuous,0.094,0.003,0.185,1.09002,1.30562,,0.055,0.208,924,924,No,
Cereals_cat,Cereals cat,Diet (nutrient intake),continuous,0.068,-0.023,0.159,0.00817802,0.00961636,,0.052,0.208,924,924,No,
AlcoholicDrinks,AlcoholicDrinks,Diet (nutrient intake),continuous,0.088,-0.003,0.179,0.0149483,0.0175808,,0.065,0.239,924,924,No,
"Vitamin C, total ascorbic acid","Vitamin C, total ascorbic acid",Diet (nutrient intake),continuous,0.098,0.006,0.189,0.0701888,0.0745286,,0.069,0.239,924,924,No,
Niacin,Niacin,Diet (nutrient intake),continuous,0.062,-0.029,0.153,0.0118214,0.0120307,,0.071,0.239,924,924,No,
Fructose,Fructose,Diet (nutrient intake),continuous,0.075,-0.016,0.166,0.0122645,0.0127484,,0.07,0.239,924,924,No,
pct_protein_calories,% protein calories,Diet (nutrient intake),continuous,0.069,-0.023,0.16,17.168,17.4307,,0.073,0.24,924,924,No,
Riboflavin,Riboflavin,Diet (nutrient intake),continuous,0.098,0.006,0.189,0.00102327,0.00104423,,0.08,0.255,924,924,No,
carnivore_score_per_day_cv,Carnivore score per day cv,Diet (nutrient intake),continuous,-0.078,-0.17,0.013,0.844611,0.807728,,0.083,0.255,924,924,No,
IMEDAS_score_per_day_cv,"Mediterranean diet score (IMEDAS), CV",Diet (nutrient intake),continuous,-0.071,-0.163,0.02,0.079947,0.0782078,,0.084,0.255,924,924,No,ordinal (questionnaire)
"Fatty acids, total polyunsaturated","Fatty acids, total polyunsaturated",Diet (nutrient intake),continuous,0.092,0.0,0.183,0.0103474,0.0106212,,0.091,0.271,924,924,No,
Vitamin B-12,Vitamin B-12,Diet (nutrient intake),continuous,0.059,-0.032,0.151,0.00219857,0.00227145,,0.098,0.281,924,924,No,
"Vitamin A, RAE","Vitamin A, RAE",Diet (nutrient intake),continuous,0.066,-0.026,0.157,0.473796,0.488834,,0.103,0.281,924,924,No,
keto,Keto,Diet (nutrient intake),continuous,0.075,-0.016,0.166,0.00314174,0.00563485,,0.103,0.281,924,924,No,
pct_carb_calories_cv,% carb calories cv,Diet (nutrient intake),continuous,0.092,0.001,0.183,0.22784,0.235476,,0.104,0.281,924,924,No,
Lutein + zeaxanthin,Lutein + zeaxanthin,Diet (nutrient intake),continuous,0.036,-0.055,0.127,1.19602,1.23258,,0.116,0.308,924,924,No,
low_carb_diet,Low carb diet,Diet (nutrient intake),continuous,0.037,-0.055,0.128,0.0795419,0.0848993,,0.134,0.341,924,924,No,
Fruits,Fruits,Diet (nutrient intake),continuous,0.055,-0.036,0.147,0.0680733,0.0712799,,0.133,0.341,924,924,No,
PastaGrainsandSidedishes,PastaGrainsandSidedishes,Diet (nutrient intake),continuous,-0.097,-0.188,-0.006,0.0962642,0.0903359,,0.136,0.341,924,924,No,
milkcreamcheeseandyogurts,Milkcreamcheeseandyogurts,Diet (nutrient intake),continuous,0.03,-0.061,0.122,0.0517913,0.0532315,,0.14,0.342,924,924,No,
Nutsseedsandproducts,Nutsseedsandproducts,Diet (nutrient intake),continuous,0.128,0.037,0.219,0.0506329,0.0585791,,0.145,0.348,924,924,No,
Poultryanditsproducts,Poultryanditsproducts,Diet (nutrient intake),continuous,0.054,-0.037,0.145,0.0507973,0.0536517,,0.153,0.361,924,924,No,
Thiamin,Thiamin,Diet (nutrient intake),continuous,0.084,-0.007,0.175,0.000786863,0.000803658,,0.178,0.404,924,924,No,
"Fatty acids, total monounsaturated","Fatty acids, total monounsaturated",Diet (nutrient intake),continuous,0.069,-0.023,0.16,0.0164087,0.0166683,,0.223,0.404,924,924,No,
Vitamin D (D2 + D3),Vitamin D (D2 + D3),Diet (nutrient intake),continuous,0.039,-0.052,0.131,0.0029701,0.00305101,,0.221,0.404,924,924,No,
Ash,Ash,Diet (nutrient intake),continuous,0.012,-0.079,0.103,0.0097576,0.00979231,,0.217,0.404,924,924,No,
Glucose,Glucose,Diet (nutrient intake),continuous,0.054,-0.038,0.145,0.0123112,0.01262,,0.209,0.404,924,924,No,
omega_3,Omega 3,Diet (nutrient intake),continuous,0.063,-0.029,0.154,0.00125317,0.00128968,,0.197,0.404,924,924,No,
Meals_per_day,Meals per day,Diet (nutrient intake),continuous,0.06,-0.032,0.151,5.09962,5.18866,,0.218,0.404,924,924,No,
sat_to_total_lipids_ratio,SAT to total lipids ratio,Diet (nutrient intake),continuous,-0.074,-0.165,0.017,0.299825,0.295878,,0.216,0.404,924,924,No,
trans_to_total_lipids_ratio,Trans to total lipids ratio,Diet (nutrient intake),continuous,-0.025,-0.116,0.066,0.0074785,0.00736709,,0.198,0.404,924,924,No,
omega6_to_total_lipids_ratio,Omega6 to total lipids ratio,Diet (nutrient intake),continuous,0.045,-0.046,0.137,0.30033,0.303285,,0.22,0.404,924,924,No,
plant_foods_per_day_cv,Plant foods per day cv,Diet (nutrient intake),continuous,-0.033,-0.124,0.059,0.3305,0.327214,,0.219,0.404,924,924,No,
vegan_score_per_day_cv,Vegan score per day cv,Diet (nutrient intake),continuous,-0.045,-0.137,0.046,0.327129,0.320702,,0.215,0.404,924,924,No,
Bread_cat,Bread cat,Diet (nutrient intake),continuous,-0.067,-0.158,0.024,0.105162,0.0999691,,0.184,0.404,924,924,No,
Hardcheese,Hardcheese,Diet (nutrient intake),continuous,-0.053,-0.144,0.038,0.0299601,0.0282134,,0.214,0.404,924,924,No,
Snacks,Snacks,Diet (nutrient intake),continuous,-0.021,-0.112,0.07,0.00900049,0.00858477,,0.192,0.404,924,924,No,
Vegetables,Vegetables,Diet (nutrient intake),continuous,0.033,-0.058,0.125,0.0848889,0.0865431,,0.189,0.404,924,924,No,
vegetarian_score_per_day,Vegetarian score per day,Diet (nutrient intake),continuous,-0.042,-0.133,0.049,0.843954,0.839818,,0.227,0.404,924,924,No,
Lycopene,Lycopene,Diet (nutrient intake),continuous,-0.039,-0.13,0.052,1.97426,1.88412,,0.234,0.412,924,924,No,
"Choline, total","Choline, total",Diet (nutrient intake),continuous,0.028,-0.064,0.119,0.197781,0.199444,,0.245,0.426,924,924,No,
pct_fat_calories,% fat calories,Diet (nutrient intake),continuous,0.059,-0.032,0.15,39.0249,39.4164,,0.263,0.444,924,924,No,
Bread_wholewheat,Bread wholewheat,Diet (nutrient intake),continuous,-0.065,-0.156,0.026,0.027579,0.0253713,,0.263,0.444,924,924,No,
vegetarian_score_per_day_cv,Vegetarian score per day cv,Diet (nutrient intake),continuous,0.054,-0.037,0.145,0.166803,0.17182,,0.275,0.453,924,924,No,
Cannedvegandfruits,Cannedvegandfruits,Diet (nutrient intake),continuous,0.034,-0.058,0.125,0.00563005,0.00606918,,0.274,0.453,924,924,No,
"Folate, total","Folate, total",Diet (nutrient intake),continuous,0.049,-0.042,0.14,0.217194,0.220227,,0.283,0.459,924,924,No,
Foods_per_meal,Foods per meal,Diet (nutrient intake),continuous,0.043,-0.048,0.135,2.97949,3.01574,,0.307,0.492,924,924,No,
carnivore_score_per_day,Carnivore score per day,Diet (nutrient intake),continuous,0.038,-0.053,0.13,0.18162,0.185475,,0.32,0.506,924,924,No,
omega3_to_total_lipids_ratio,Omega3 to total lipids ratio,Diet (nutrient intake),continuous,0.042,-0.049,0.134,0.029894,0.0304586,,0.329,0.508,924,924,No,
Drinks,Drinks,Diet (nutrient intake),continuous,-0.003,-0.095,0.088,0.0251304,0.0250094,,0.325,0.508,924,924,No,
Others,Others,Diet (nutrient intake),continuous,-0.068,-0.159,0.023,0.00100534,0.000731797,,0.344,0.524,924,924,No,
mono_to_total_lipids_ratio,Mono to total lipids ratio,Diet (nutrient intake),continuous,0.046,-0.045,0.138,0.37439,0.376164,,0.373,0.559,924,924,No,
poly_to_total_lipids_ratio,Poly to total lipids ratio,Diet (nutrient intake),continuous,0.055,-0.036,0.146,0.240741,0.243731,,0.376,0.559,924,924,No,
vegan_score_per_day,Vegan score per day,Diet (nutrient intake),continuous,0.042,-0.049,0.133,0.577894,0.58382,,0.385,0.565,924,924,No,
Beefveallambandothermeatproducts,Beefveallambandothermeatproducts,Diet (nutrient intake),continuous,0.038,-0.054,0.129,0.0304045,0.0320558,,0.389,0.565,924,924,No,
"Fatty acids, total trans","Fatty acids, total trans",Diet (nutrient intake),continuous,-0.006,-0.097,0.085,0.000325559,0.000324334,,0.403,0.575,924,924,No,
Caffeine,Caffeine,Diet (nutrient intake),continuous,-0.034,-0.125,0.058,0.0603969,0.0562027,,0.405,0.575,924,924,No,
PastaGrainsandSidedishes_wholewheat,Pastagrainsandsidedishes wholewheat,Diet (nutrient intake),continuous,0.054,-0.037,0.145,0.00842032,0.00944794,,0.445,0.625,924,924,No,
Pulsesandproducts,Pulsesandproducts,Diet (nutrient intake),continuous,0.043,-0.049,0.134,0.0366775,0.0386884,,0.46,0.639,924,924,No,
Industrializedvegetarianfoodreadytoeat,Industrializedvegetarianfoodreadytoeat,Diet (nutrient intake),continuous,-0.039,-0.131,0.052,0.00153301,0.00122856,,0.513,0.704,924,924,No,
Campesterol,Campesterol,Diet (nutrient intake),continuous,0.048,-0.043,0.139,0.116631,0.119379,,0.519,0.705,924,924,No,
Betaine,Betaine,Diet (nutrient intake),continuous,-0.054,-0.145,0.037,0.124919,0.119764,,0.526,0.707,924,924,No,
pct_saturated_fat_calories,% saturated fat calories,Diet (nutrient intake),continuous,-0.035,-0.126,0.057,11.634,11.5405,,0.535,0.712,924,924,No,
plant_protein_pct,Plant protein (%),Diet (nutrient intake),continuous,-0.037,-0.128,0.054,43.1049,42.5176,,0.555,0.73,924,924,No,
plant_fat_pct,Plant fat (%),Diet (nutrient intake),continuous,0.025,-0.066,0.116,38.1529,38.4828,,0.619,0.789,924,924,No,
Oilsandfats,Oilsandfats,Diet (nutrient intake),continuous,-0.05,-0.141,0.041,0.0183894,0.0168871,,0.624,0.789,924,924,No,
Spicesandherbs,Spicesandherbs,Diet (nutrient intake),continuous,-0.028,-0.119,0.063,0.000664542,0.000588862,,0.617,0.789,924,924,No,
bakedgoods,Bakedgoods,Diet (nutrient intake),continuous,-0.043,-0.134,0.049,0.00719527,0.00645863,,0.625,0.789,924,924,No,
FastFoods,FastFoods,Diet (nutrient intake),continuous,-0.061,-0.152,0.03,0.00596911,0.00495032,,0.633,0.791,924,924,No,
vitamin_E,Vitamin e,Diet (nutrient intake),continuous,0.048,-0.043,0.139,0.0164468,0.0166772,,0.658,0.815,924,924,No,
pescatarian_score_per_day,Pescatarian score per day,Diet (nutrient intake),continuous,-0.017,-0.108,0.074,0.897869,0.896505,,0.672,0.823,924,924,No,
Foods_per_meal_cv,Foods per meal cv,Diet (nutrient intake),continuous,-0.019,-0.111,0.072,0.269719,0.267955,,0.702,0.844,924,924,No,
Soupsandsauces,Soupsandsauces,Diet (nutrient intake),continuous,-0.019,-0.111,0.072,0.00662124,0.00640878,,0.696,0.844,924,924,No,
Energy_cv,Energy cv,Diet (nutrient intake),continuous,0.008,-0.083,0.099,0.298161,0.298893,,0.71,0.845,924,924,No,
sweetmilkproducts,Sweetmilkproducts,Diet (nutrient intake),continuous,-0.023,-0.115,0.068,0.00445814,0.00415278,,0.729,0.859,924,924,No,
"Calcium, Ca","Calcium, Ca",Diet (nutrient intake),continuous,0.007,-0.084,0.098,0.458023,0.458985,,0.756,0.862,924,924,No,
pct_protein_calories_cv,% protein calories cv,Diet (nutrient intake),continuous,0.002,-0.09,0.093,0.285635,0.285783,,0.759,0.862,924,924,No,
pct_fat_calories_cv,% fat calories cv,Diet (nutrient intake),continuous,-0.004,-0.096,0.087,0.223255,0.222913,,0.747,0.862,924,924,No,
Deepfriedfoods,Deepfriedfoods,Diet (nutrient intake),continuous,-0.044,-0.135,0.048,0.00395276,0.00345831,,0.744,0.862,924,924,No,
"Sugars, Total","Sugars, Total",Diet (nutrient intake),continuous,-0.012,-0.104,0.079,0.0431798,0.0430073,,0.783,0.868,924,924,No,
plant_energy_pct,Plant energy (%),Diet (nutrient intake),continuous,-0.006,-0.097,0.085,52.0197,51.9447,,0.785,0.868,924,924,No,
omega6_to_omega3_ratio,Omega6 to omega3 ratio,Diet (nutrient intake),continuous,0.06,-0.032,0.151,14.2982,14.584,,0.781,0.868,924,924,No,
fruitjuicesandsoftdrinks,Fruitjuicesandsoftdrinks,Diet (nutrient intake),continuous,-0.086,-0.178,0.005,0.00854624,0.0069201,,0.822,0.901,924,924,No,
Sugar alcohols,Sugar alcohols,Diet (nutrient intake),continuous,0.013,-0.078,0.104,0.0022866,0.00233596,,0.837,0.91,924,924,No,
"Selenium, Se","Selenium, Se",Diet (nutrient intake),continuous,-0.012,-0.103,0.079,0.0651114,0.0648599,,0.872,0.939,924,924,No,
Fishandseafood,Fishandseafood,Diet (nutrient intake),continuous,-0.005,-0.096,0.086,0.0345473,0.0343489,,0.895,0.956,924,924,No,
"Sodium, Na","Sodium, Na",Diet (nutrient intake),continuous,-0.011,-0.102,0.08,1.51043,1.50688,,0.933,0.959,924,924,No,
Cholesterol,Cholesterol,Diet (nutrient intake),continuous,-0.005,-0.096,0.086,0.176829,0.176388,,0.924,0.959,924,924,No,
Iodine,Iodine,Diet (nutrient intake),continuous,-0.049,-0.14,0.042,0.00559835,0.0049986,,0.936,0.959,924,924,No,
Meals_per_day_cv,Meals per day cv,Diet (nutrient intake),continuous,0.003,-0.088,0.095,0.259578,0.259851,,0.922,0.959,924,924,No,
Eggsandtheirproducts,Eggsandtheirproducts,Diet (nutrient intake),continuous,-0.008,-0.099,0.083,0.0393008,0.03903,,0.921,0.959,924,924,No,
Foods_per_day_cv,Foods per day cv,Diet (nutrient intake),continuous,0.012,-0.079,0.103,0.261167,0.262115,,0.956,0.963,924,924,No,
Proccessedmeatproducts,Proccessedmeatproducts,Diet (nutrient intake),continuous,0.021,-0.07,0.113,0.00509228,0.00537273,,0.952,0.963,924,924,No,
aHEI_score_per_day_cv,Ahei score per day cv,Diet (nutrient intake),continuous,0.003,-0.088,0.094,0.152358,0.152488,,0.986,0.986,924,924,No,
bt__lymphocytes_%,Lymphocytes (%),Immune,continuous,0.006,-0.082,0.093,32.3597,32.3999,,0.7,0.957,999,989,No,
bt__lymphocytes_abs,Lymphocytes abs,Immune,continuous,0.005,-0.083,0.093,1.921,1.92337,,0.957,0.957,998,987,No,
bt__neutrophils_%,Neutrophils (%),Immune,continuous,0.008,-0.08,0.095,57.1465,57.2067,,0.918,0.957,999,989,No,
bt__neutrophils_abs,Neutrophils abs,Immune,continuous,0.026,-0.062,0.114,3.49339,3.52207,,0.717,0.957,995,987,No,
bt__monocytes_%,Monocytes (%),Immune,continuous,-0.03,-0.118,0.058,7.25006,7.20028,,0.77,0.957,1000,987,No,
bt__monocytes_abs,Monocytes abs,Immune,continuous,-0.0,-0.088,0.088,0.431832,0.431775,,0.589,0.957,999,987,No,
bt__eosinophils_%,Eosinophils (%),Immune,continuous,-0.034,-0.122,0.054,2.63241,2.57593,,0.832,0.957,998,987,No,
bt__eosinophils_abs,Eosinophils abs,Immune,continuous,-0.027,-0.115,0.061,0.15719,0.154368,,0.681,0.957,992,985,No,
bt__basophils_%,Basophils (%),Immune,continuous,-0.015,-0.103,0.073,0.408643,0.405538,,0.881,0.957,1000,989,No,
bt__basophils_abs,Basophils abs,Immune,continuous,-0.018,-0.106,0.07,0.023875,0.0235462,,0.767,0.957,1000,988,No,
bt__wbc,White blood cell count (WBC),Immune,continuous,0.017,-0.071,0.105,6.04317,6.06799,,0.625,0.957,991,980,No,
physical_activity_maderate_days_a_week,Physical activity maderate days a week,Lifestyle,continuous,0.288,0.182,0.394,2.34745,2.95108,,6.4e-08,1.2e-06,685,695,Yes,days/week
vigorous_activity_minutes,Vigorous activity minutes,Lifestyle,continuous,0.236,0.123,0.348,17.7028,24.9269,,1.8e-06,1.8e-05,599,616,Yes,min/day
walking_minutes_day,Walking minutes day,Lifestyle,continuous,0.215,0.108,0.321,34.9234,42.3831,,0.0005,0.003,679,676,Yes,min/day
walking_10min_days_a_week,Walking 10min days a week,Lifestyle,continuous,0.151,0.048,0.255,4.36,4.69535,,0.002,0.007,725,709,Yes,days/week
hours_watching_tv,Hours watching tv,Lifestyle,continuous,-0.056,-0.162,0.05,1.92518,1.84047,,0.004,0.013,695,677,Yes,ordinal (questionnaire)
hours_outdoors_winter,Hours outdoors winter,Lifestyle,continuous,0.102,-0.004,0.209,1.72035,1.94144,,0.033,0.106,683,666,No,
hours_outdoors_summer,Hours outdoors summer,Lifestyle,continuous,0.087,-0.02,0.195,1.96429,2.17066,,0.041,0.11,672,668,No,
liqueurs_measures_week,Liqueurs measures week,Lifestyle,continuous,0.129,-0.008,0.266,0.293399,0.416667,,0.074,0.175,409,408,No,
sleep_hours_in_24H,Sleep hours in 24H,Lifestyle,continuous,-0.089,-0.193,0.015,6.9059,6.81408,,0.099,0.21,712,710,No,
moderate_activity_minutes,Moderate activity minutes,Lifestyle,continuous,0.041,-0.067,0.148,28.7263,30.1379,,0.119,0.227,654,667,No,min/day
white_wine_glasses_week,White wine glasses week,Lifestyle,continuous,0.033,-0.105,0.171,0.974874,1.02663,,0.138,0.238,398,413,No,
fortified_wine__glasses_week,Fortified wine – glasses_week,Lifestyle,continuous,0.067,-0.075,0.208,0.0344828,0.0585242,,0.208,0.33,377,393,No,
beer_cider_pints_week,Beer cider pints week,Lifestyle,continuous,0.153,0.014,0.292,0.398458,0.633005,,0.253,0.37,389,406,No,
work_hours,Work hours,Lifestyle,continuous,-0.069,-0.177,0.038,7.01218,6.8244,,0.316,0.429,657,672,No,
work_hours_day,Work hours day,Lifestyle,continuous,-0.01,-0.133,0.114,6.94499,6.91816,,0.62,0.785,509,501,No,
hours_using_computer_not_work,Hours using computer not work,Lifestyle,continuous,-0.004,-0.11,0.101,1.32378,1.31744,,0.924,0.932,698,671,No,
other_alcoholic_glasses_week,Other alcoholic glasses week,Lifestyle,continuous,-0.001,-0.144,0.141,0.135638,0.134921,,0.932,0.932,376,378,No,
work_days_a_week,Work days a week,Lifestyle,continuous,-0.007,-0.115,0.101,3.36225,3.35,,0.854,0.932,657,660,No,days/week
hours_driving,Hours driving,Lifestyle,continuous,-0.003,-0.11,0.103,1.11782,1.11493,,0.926,0.932,679,670,No,
smoke_houshold_Yes  more than one household member smokes,Smoke houshold – Yes  more than one household member smokes,Lifestyle,binary,,0.001,0.024,0.00746269,0.0199253,0.0125,1.0,1.0,804,803,No,
smoke_houshold_Yes  one household member smokes,Smoke houshold – Yes  one household member smokes,Lifestyle,binary,,-0.028,0.026,0.0845771,0.0834371,-0.00114,1.0,1.0,804,803,No,
smoke_houshold_no,Smoke houshold no,Lifestyle,binary,,-0.075,0.021,0.599502,0.572852,-0.0267,1.0,1.0,804,803,No,
smoke_houshold_prefer not to answer,Smoke houshold – prefer not to answer,Lifestyle,binary,,-0.001,0.011,0.00124378,0.00622665,0.00498,1.0,1.0,804,803,No,
drive_faster_often_Do not drive on the highway,Drive faster often – Do not drive on the highway,Lifestyle,binary,,-0.005,0.02,0.0136816,0.0211706,0.00749,1.0,1.0,804,803,No,
drive_faster_often_Most of the time,Drive faster often – Most of the time,Lifestyle,binary,,-0.016,0.016,0.0273632,0.0273973,3.41e-05,1.0,1.0,804,803,No,
drive_faster_often_Never or rarely,Drive faster often – Never or rarely,Lifestyle,binary,,-0.081,0.009,0.322139,0.286426,-0.0357,1.0,1.0,804,803,No,
drive_faster_often_dont know,Drive faster often – dont know,Lifestyle,binary,,-0.004,0.012,0.00497512,0.00871731,0.00374,1.0,1.0,804,803,No,
drive_faster_often_prefer not to answer,Drive faster often – prefer not to answer,Lifestyle,binary,,-0.011,0.008,0.00995025,0.00871731,-0.00123,1.0,1.0,804,803,No,
drive_faster_often_sometimes,Drive faster often sometimes,Lifestyle,binary,,-0.036,0.059,0.384328,0.396015,0.0117,1.0,1.0,804,803,No,
drive_faster_often_usually,Drive faster often usually,Lifestyle,binary,,-0.01,0.05,0.0982587,0.118306,0.02,1.0,1.0,804,803,No,
visit_friends_family_times_2-4 times a week,Visit friends family times – 2-4 times a week,Lifestyle,binary,,-0.069,0.022,0.329602,0.306351,-0.0233,1.0,1.0,804,803,No,
visit_friends_family_times_Almost never or never,Visit friends family times – Almost never or never,Lifestyle,binary,,-0.012,0.002,0.00746269,0.00249066,-0.00497,1.0,1.0,804,803,No,
visit_friends_family_times_Daily,Visit friends family times daily,Lifestyle,binary,,-0.009,0.039,0.0559701,0.0709838,0.015,1.0,1.0,804,803,No,
visit_friends_family_times_No family or friends outside the household,Visit friends family times – No family or friends outside the household,Lifestyle,binary,,-0.003,0.003,0.00124378,0.00124533,1.55e-06,1.0,1.0,804,803,No,
visit_friends_family_times_Once a month,Visit friends family times – Once a month,Lifestyle,binary,,-0.004,0.046,0.0597015,0.0809465,0.0212,1.0,1.0,804,803,No,
visit_friends_family_times_Once a week,Visit friends family times – Once a week,Lifestyle,binary,,-0.086,0.01,0.426617,0.388543,-0.0381,1.0,1.0,804,803,No,
visit_friends_family_times_Once every few months,Visit friends family times – Once every few months,Lifestyle,binary,,-0.008,0.016,0.0136816,0.0174346,0.00375,1.0,1.0,804,803,No,
visit_friends_family_times_dont know,Visit friends family times – dont know,Lifestyle,binary,,-0.004,0.001,0.00124378,0.0,-0.00124,1.0,1.0,804,803,No,
visit_friends_family_times_prefer not to answer,Visit friends family times – prefer not to answer,Lifestyle,binary,,-0.001,0.004,0.0,0.00124533,0.00125,1.0,1.0,804,803,No,
trouble_falling_a_sleep_From time to time,Trouble falling a sleep – From time to time,Lifestyle,binary,,-0.077,0.014,0.334577,0.302615,-0.032,1.0,1.0,804,803,No,
trouble_falling_a_sleep_Not or rarely,Trouble falling a sleep – Not or rarely,Lifestyle,binary,,0.001,0.092,0.288557,0.334994,0.0464,1.0,1.0,804,803,No,
trouble_falling_a_sleep_Usually yes,Trouble falling a sleep – Usually yes,Lifestyle,binary,,-0.061,0.024,0.25995,0.241594,-0.0184,1.0,1.0,804,803,No,
trouble_falling_a_sleep_prefer not to answer,Trouble falling a sleep – prefer not to answer,Lifestyle,binary,,-0.004,0.001,0.00124378,0.0,-0.00124,1.0,1.0,804,803,No,
manual_physical_work_Always,Manual physical work always,Lifestyle,binary,,-0.003,0.023,0.0136816,0.0236613,0.00998,1.0,1.0,804,803,No,
manual_physical_work_no,Manual physical work no,Lifestyle,binary,,-0.065,0.029,0.641791,0.62391,-0.0179,1.0,1.0,804,803,No,
manual_physical_work_prefer not to answer,Manual physical work – prefer not to answer,Lifestyle,binary,,-0.007,0.02,0.0161692,0.0224159,0.00625,1.0,1.0,804,803,No,
manual_physical_work_sometimes,Manual physical work sometimes,Lifestyle,binary,,0.003,0.064,0.090796,0.124533,0.0337,1.0,1.0,804,803,No,
manual_physical_work_usually,Manual physical work usually,Lifestyle,binary,,-0.01,0.025,0.0298507,0.0373599,0.00751,1.0,1.0,804,803,No,
climb_staires_tymes_a_day_1-5,Climb staires tymes a day 1-5,Lifestyle,binary,,-0.105,-0.017,0.312189,0.251557,-0.0606,1.0,1.0,804,803,No,
climb_staires_tymes_a_day_11-15,Climb staires tymes a day 11-15,Lifestyle,binary,,-0.02,0.023,0.050995,0.0523039,0.00131,1.0,1.0,804,803,No,
climb_staires_tymes_a_day_16-20,Climb staires tymes a day 16-20,Lifestyle,binary,,0.004,0.034,0.0149254,0.0336239,0.0187,1.0,1.0,804,803,No,
climb_staires_tymes_a_day_6-10,Climb staires tymes a day 6-10,Lifestyle,binary,,0.007,0.072,0.106965,0.146949,0.04,1.0,1.0,804,803,No,
climb_staires_tymes_a_day_More than 20 times,Climb staires tymes a day – More than 20 times,Lifestyle,binary,,-0.01,0.067,0.176617,0.205479,0.0289,1.0,1.0,804,803,No,
climb_staires_tymes_a_day_Zero,Climb staires tymes a day zero,Lifestyle,binary,,-0.071,0.007,0.215174,0.183064,-0.0321,1.0,1.0,804,803,No,
climb_staires_tymes_a_day_dont know,Climb staires tymes a day – dont know,Lifestyle,binary,,-0.008,0.013,0.011194,0.0136986,0.0025,1.0,1.0,804,803,No,
climb_staires_tymes_a_day_prefer not to answer,Climb staires tymes a day – prefer not to answer,Lifestyle,binary,,-0.004,0.001,0.00124378,0.0,-0.00124,1.0,1.0,804,803,No,
mobile_phone_use_duration_per_week_1-3 hours,Mobile phone use duration per week – 1-3 hours,Lifestyle,binary,,-0.051,0.029,0.216418,0.205479,-0.0109,1.0,1.0,804,803,No,
mobile_phone_use_duration_per_week_30-59 minutes,Mobile phone use duration per week – 30-59 minutes,Lifestyle,binary,,-0.032,0.035,0.133085,0.134496,0.00141,1.0,1.0,804,803,No,
mobile_phone_use_duration_per_week_4-6 hours,Mobile phone use duration per week – 4-6 hours,Lifestyle,binary,,-0.03,0.023,0.0833333,0.0797011,-0.00363,1.0,1.0,804,803,No,
mobile_phone_use_duration_per_week_5-29 minutes,Mobile phone use duration per week – 5-29 minutes,Lifestyle,binary,,-0.028,0.034,0.11194,0.11457,0.00263,1.0,1.0,804,803,No,
mobile_phone_use_duration_per_week_Less than 5 minutes,Mobile phone use duration per week – Less than 5 minutes,Lifestyle,binary,,-0.007,0.017,0.0136816,0.01868,0.005,1.0,1.0,804,803,No,
mobile_phone_use_duration_per_week_More than 6 hours,Mobile phone use duration per week – More than 6 hours,Lifestyle,binary,,-0.006,0.046,0.0671642,0.0871731,0.02,1.0,1.0,804,803,No,
mobile_phone_use_duration_per_week_dont know,Mobile phone use duration per week – dont know,Lifestyle,binary,,-0.024,0.007,0.0298507,0.0211706,-0.00868,1.0,1.0,804,803,No,
mobile_phone_use_duration_per_week_prefer not to answer,Mobile phone use duration per week – prefer not to answer,Lifestyle,binary,,-0.004,0.001,0.00124378,0.0,-0.00124,1.0,1.0,804,803,No,
pet_present_no,Pet present no,Lifestyle,binary,,-0.1,-0.003,0.470149,0.418431,-0.0517,1.0,1.0,804,803,No,
pet_present_yes,Pet present yes,Lifestyle,binary,,0.001,0.098,0.420398,0.469489,0.0491,1.0,1.0,804,803,No,
mobile_phone_side_of_head_Equal on both sides,Mobile phone side of head – Equal on both sides,Lifestyle,binary,,-0.005,0.04,0.0485075,0.0660025,0.0175,1.0,1.0,804,803,No,
mobile_phone_side_of_head_Left,Mobile phone side of head left,Lifestyle,binary,,-0.026,0.042,0.13806,0.145704,0.00764,1.0,1.0,804,803,No,
mobile_phone_side_of_head_Right,Mobile phone side of head right,Lifestyle,binary,,-0.039,0.057,0.411692,0.420922,0.00923,1.0,1.0,804,803,No,
mobile_phone_side_of_head_dont know,Mobile phone side of head – dont know,Lifestyle,binary,,-0.027,0.013,0.0472637,0.0398506,-0.00741,1.0,1.0,804,803,No,
mobile_phone_side_of_head_prefer not to answer,Mobile phone side of head – prefer not to answer,Lifestyle,binary,,-0.004,0.007,0.00248756,0.00373599,0.00125,1.0,1.0,804,803,No,
alcohol_drink_1-2 times a week,Alcohol drink – 1-2 times a week,Lifestyle,binary,,0.013,0.082,0.121891,0.169365,0.0475,1.0,1.0,804,803,No,
alcohol_drink_1-3 times a month,Alcohol drink – 1-3 times a month,Lifestyle,binary,,-0.088,-0.016,0.185323,0.13325,-0.0521,1.0,1.0,804,803,No,
alcohol_drink_3-4 times a week,Alcohol drink – 3-4 times a week,Lifestyle,binary,,-0.021,0.016,0.039801,0.0373599,-0.00244,1.0,1.0,804,803,No,
alcohol_drink_Daily or almost daily,Alcohol drink – Daily or almost daily,Lifestyle,binary,,-0.017,0.015,0.0273632,0.0261519,-0.00121,1.0,1.0,804,803,No,
alcohol_drink_In special cases only,Alcohol drink – In special cases only,Lifestyle,binary,,-0.024,0.052,0.180348,0.194271,0.0139,1.0,1.0,804,803,No,
alcohol_drink_Never,Alcohol drink never,Lifestyle,binary,,-0.033,0.025,0.0995025,0.0958904,-0.00361,1.0,1.0,804,803,No,
high_exercise_times_a_month_Every day,High exercise times a month – Every day,Lifestyle,binary,,-0.012,0.037,0.0609453,0.0734745,0.0125,1.0,1.0,804,803,No,
high_exercise_times_a_month_Four to five times a week,High exercise times a month – Four to five times a week,Lifestyle,binary,,0.029,0.094,0.0982587,0.159402,0.0611,1.0,1.0,804,803,No,
high_exercise_times_a_month_Once a week,High exercise times a month – Once a week,Lifestyle,binary,,-0.071,0.002,0.185323,0.150685,-0.0346,1.0,1.0,804,803,No,
high_exercise_times_a_month_Once in the last month,High exercise times a month – Once in the last month,Lifestyle,binary,,-0.047,-0.008,0.0559701,0.0286426,-0.0273,1.0,1.0,804,803,No,
high_exercise_times_a_month_Two or three times a week,High exercise times a month – Two or three times a week,Lifestyle,binary,,-0.026,0.062,0.278607,0.296389,0.0178,1.0,1.0,804,803,No,
high_exercise_times_a_month_Two or three times in the last month,High exercise times a month – Two or three times in the last month,Lifestyle,binary,,-0.054,0.01,0.133085,0.110834,-0.0223,1.0,1.0,804,803,No,
high_exercise_times_a_month_dont know,High exercise times a month – dont know,Lifestyle,binary,,-0.025,0.013,0.0435323,0.0373599,-0.00617,1.0,1.0,804,803,No,
high_exercise_times_a_month_prefer not to answer,High exercise times a month – prefer not to answer,Lifestyle,binary,,-0.001,0.004,0.0,0.00124533,0.00125,1.0,1.0,804,803,No,
why_stop_drinking_Economic reasons,Why stop drinking – Economic reasons,Lifestyle,binary,,-0.003,0.003,0.00124378,0.00124533,1.55e-06,1.0,1.0,804,803,No,
why_stop_drinking_Illness or poor health,Why stop drinking – Illness or poor health,Lifestyle,binary,,-0.025,0.002,0.0248756,0.0136986,-0.0112,1.0,1.0,804,803,No,
why_stop_drinking_Medical caution,Why stop drinking – Medical caution,Lifestyle,binary,,-0.011,0.023,0.028607,0.0348692,0.00626,1.0,1.0,804,803,No,
why_stop_drinking_On the doctors advice,Why stop drinking – On the doctors advice,Lifestyle,binary,,-0.001,0.011,0.00124378,0.00622665,0.00498,1.0,1.0,804,803,No,
why_stop_drinking_Other reasons,Why stop drinking – Other reasons,Lifestyle,binary,,-0.028,0.04,0.136816,0.143213,0.0064,1.0,1.0,804,803,No,
why_stop_drinking_dont know,Why stop drinking – dont know,Lifestyle,binary,,-0.03,0.045,0.177861,0.185554,0.00769,1.0,1.0,804,803,No,
why_stop_drinking_prefer not to answer,Why stop drinking – prefer not to answer,Lifestyle,binary,,-0.041,-0.004,0.0472637,0.0249066,-0.0224,1.0,1.0,804,803,No,
consider_yourself_morning_evening_Im more of a morning man than an evening,Consider yourself morning evening – Im more of a morning man than an evening,Lifestyle,binary,,-0.021,0.067,0.273632,0.296389,0.0228,1.0,1.0,804,803,No,
consider_yourself_morning_evening_Im more of an evening man than a morning,Consider yourself morning evening – Im more of an evening man than a morning,Lifestyle,binary,,-0.054,0.019,0.174129,0.156912,-0.0172,1.0,1.0,804,803,No,
consider_yourself_morning_evening_Im totally a morning man,Consider yourself morning evening – Im totally a morning man,Lifestyle,binary,,-0.018,0.068,0.253731,0.278954,0.0252,1.0,1.0,804,803,No,
consider_yourself_morning_evening_Im totally an evening man,Consider yourself morning evening – Im totally an evening man,Lifestyle,binary,,-0.041,0.014,0.0957711,0.0821918,-0.0136,1.0,1.0,804,803,No,
consider_yourself_morning_evening_dont know,Consider yourself morning evening – dont know,Lifestyle,binary,,-0.038,0.016,0.0883085,0.0772105,-0.0111,1.0,1.0,804,803,No,
consider_yourself_morning_evening_prefer not to answer,Consider yourself morning evening – prefer not to answer,Lifestyle,binary,,-0.005,0.003,0.00248756,0.00124533,-0.00124,1.0,1.0,804,803,No,
snoring_dont know,Snoring – dont know,Lifestyle,binary,,-0.044,0.014,0.106965,0.0921544,-0.0148,1.0,1.0,804,803,No,
snoring_no,Snoring no,Lifestyle,binary,,-0.067,0.029,0.587065,0.56787,-0.0192,1.0,1.0,804,803,No,
snoring_prefer not to answer,Snoring – prefer not to answer,Lifestyle,binary,,-0.009,0.014,0.0136816,0.0161893,0.00251,1.0,1.0,804,803,No,
snoring_yes,Snoring yes,Lifestyle,binary,,-0.009,0.064,0.15796,0.185554,0.0276,1.0,1.0,804,803,No,
nap_during_day_From time to time,Nap during day – From time to time,Lifestyle,binary,,-0.036,0.049,0.241294,0.247821,0.00653,1.0,1.0,804,803,No,
nap_during_day_Not or rarely,Nap during day – Not or rarely,Lifestyle,binary,,-0.062,0.034,0.587065,0.572852,-0.0142,1.0,1.0,804,803,No,
nap_during_day_Usually yes,Nap during day – Usually yes,Lifestyle,binary,,-0.024,0.024,0.0634328,0.0635118,7.9e-05,1.0,1.0,804,803,No,
drink_alcohol_with_meals_dont know,Drink alcohol with meals – dont know,Lifestyle,binary,,-0.004,0.016,0.00746269,0.0136986,0.00624,1.0,1.0,804,803,No,
drink_alcohol_with_meals_no,Drink alcohol with meals no,Lifestyle,binary,,-0.003,0.038,0.0360697,0.0535492,0.0175,1.0,1.0,804,803,No,
drink_alcohol_with_meals_partial,Drink alcohol with meals partial,Lifestyle,binary,,-0.043,0.031,0.176617,0.17061,-0.00601,1.0,1.0,804,803,No,
drink_alcohol_with_meals_prefer not to answer,Drink alcohol with meals – prefer not to answer,Lifestyle,binary,,-0.013,0.0,0.00746269,0.00124533,-0.00622,1.0,1.0,804,803,No,
drink_alcohol_with_meals_yes,Drink alcohol with meals yes,Lifestyle,binary,,-0.06,0.033,0.348259,0.334994,-0.0133,1.0,1.0,804,803,No,
pet_past_no,Pet past no,Lifestyle,binary,,-0.088,-0.006,0.246269,0.199253,-0.047,1.0,1.0,804,803,No,
pet_past_yes,Pet past yes,Lifestyle,binary,,-0.02,0.071,0.669154,0.694894,0.0257,1.0,1.0,804,803,No,
usual_walking_pace_Average,Usual walking pace average,Lifestyle,binary,,-0.094,0.003,0.46393,0.418431,-0.0455,1.0,1.0,804,803,No,
usual_walking_pace_Fast,Usual walking pace fast,Lifestyle,binary,,0.025,0.117,0.298507,0.369863,0.0714,1.0,1.0,804,803,No,
usual_walking_pace_Moderate,Usual walking pace moderate,Lifestyle,binary,,-0.069,-0.011,0.116915,0.0772105,-0.0397,1.0,1.0,804,803,No,
usual_walking_pace_Slow,Usual walking pace slow,Lifestyle,binary,,-0.024,-0.001,0.0211443,0.00871731,-0.0124,1.0,1.0,804,803,No,
usual_walking_pace_prefer not to answer,Usual walking pace – prefer not to answer,Lifestyle,binary,,-0.004,0.001,0.00124378,0.0,-0.00124,1.0,1.0,804,803,No,
years_using_mobile_phone_2-4 years,Years using mobile phone – 2-4 years,Lifestyle,binary,,-0.004,0.001,0.00124378,0.0,-0.00124,1.0,1.0,804,803,No,
years_using_mobile_phone_5-8 years,Years using mobile phone – 5-8 years,Lifestyle,binary,,-0.009,0.007,0.00746269,0.00622665,-0.00124,1.0,1.0,804,803,No,
years_using_mobile_phone_A year or less,Years using mobile phone – A year or less,Lifestyle,binary,,-0.001,0.004,0.0,0.00124533,0.00125,1.0,1.0,804,803,No,
years_using_mobile_phone_Over 8 years,Years using mobile phone – Over 8 years,Lifestyle,binary,,-0.039,0.055,0.634328,0.64259,0.00826,1.0,1.0,804,803,No,
years_using_mobile_phone_Uses cell phone less often than once a week,Years using mobile phone – Uses cell phone less often than once a week,Lifestyle,binary,,-0.004,0.007,0.00248756,0.00373599,0.00125,1.0,1.0,804,803,No,
years_using_mobile_phone_dont know,Years using mobile phone – dont know,Lifestyle,binary,,-0.01,0.01,0.00995025,0.00996264,1.24e-05,1.0,1.0,804,803,No,
years_using_mobile_phone_prefer not to answer,Years using mobile phone – prefer not to answer,Lifestyle,binary,,-0.004,0.001,0.00124378,0.0,-0.00124,1.0,1.0,804,803,No,
smoke_tobacco_now_Only sometimes,Smoke tobacco now – Only sometimes,Lifestyle,binary,,-0.025,0.026,0.0733831,0.0734745,9.14e-05,1.0,1.0,804,803,No,
smoke_tobacco_now_Yes  most or all days,Smoke tobacco now – Yes  most or all days,Lifestyle,binary,,0.002,0.046,0.0410448,0.0647572,0.0237,1.0,1.0,804,803,No,
smoke_tobacco_now_no,Smoke tobacco now no,Lifestyle,binary,,-0.063,0.022,0.753731,0.733499,-0.0202,1.0,1.0,804,803,No,
smoke_tobacco_now_prefer not to answer,Smoke tobacco now – prefer not to answer,Lifestyle,binary,,0.001,0.012,0.0,0.00622665,0.00623,1.0,1.0,804,803,No,
high_exercise_duration_Between 2 and 3 hours,High exercise duration – Between 2 and 3 hours,Lifestyle,binary,,-0.018,0.011,0.0236318,0.0199253,-0.00371,1.0,1.0,804,803,No,
high_exercise_duration_Between a quarter of an hour and half an hour,High exercise duration – Between a quarter of an hour and half an hour,Lifestyle,binary,,-0.042,0.023,0.131841,0.122042,-0.0098,1.0,1.0,804,803,No,
high_exercise_duration_Between an hour and a half and two hours,High exercise duration – Between an hour and a half and two hours,Lifestyle,binary,,-0.008,0.028,0.028607,0.0386052,0.01,1.0,1.0,804,803,No,
high_exercise_duration_Between an hour and an hour and a half,High exercise duration – Between an hour and an hour and a half,Lifestyle,binary,,-0.037,0.04,0.190299,0.191781,0.00148,1.0,1.0,804,803,No,
high_exercise_duration_Between half an hour and an hour,High exercise duration – Between half an hour and an hour,Lifestyle,binary,,-0.046,0.049,0.370647,0.372354,0.00171,1.0,1.0,804,803,No,
high_exercise_duration_Less than a quarter of an hour,High exercise duration – Less than a quarter of an hour,Lifestyle,binary,,-0.017,0.017,0.0310945,0.0311333,3.87e-05,1.0,1.0,804,803,No,
high_exercise_duration_Over 3 hours,High exercise duration – Over 3 hours,Lifestyle,binary,,-0.014,0.011,0.0174129,0.0161893,-0.00122,1.0,1.0,804,803,No,
high_exercise_duration_dont know,High exercise duration – dont know,Lifestyle,binary,,-0.017,0.017,0.0323383,0.0323786,4.03e-05,1.0,1.0,804,803,No,
high_exercise_duration_prefer not to answer,High exercise duration – prefer not to answer,Lifestyle,binary,,-0.001,0.006,0.0,0.00249066,0.00249,1.0,1.0,804,803,No,
falling_asleep_during_daytime_From time to time,Falling asleep during daytime – From time to time,Lifestyle,binary,,-0.033,0.034,0.134328,0.134496,0.000167,1.0,1.0,804,803,No,
falling_asleep_during_daytime_Not or rarely,Falling asleep during daytime – Not or rarely,Lifestyle,binary,,-0.05,0.037,0.732587,0.726027,-0.00656,1.0,1.0,804,803,No,
falling_asleep_during_daytime_Often,Falling asleep during daytime often,Lifestyle,binary,,-0.012,0.017,0.0199005,0.0224159,0.00252,1.0,1.0,804,803,No,
falling_asleep_during_daytime_dont know,Falling asleep during daytime – dont know,Lifestyle,binary,,-0.008,0.005,0.00497512,0.00373599,-0.00124,1.0,1.0,804,803,No,
easy_getting_up_Does not wake up easily,Easy getting up – Does not wake up easily,Lifestyle,binary,,-0.052,0.025,0.192786,0.179328,-0.0135,1.0,1.0,804,803,No,
easy_getting_up_Its very hard for me to wake up,Easy getting up – Its very hard for me to wake up,Lifestyle,binary,,-0.048,-0.002,0.0696517,0.0448319,-0.0248,1.0,1.0,804,803,No,
easy_getting_up_Wakes up pretty easily,Easy getting up – Wakes up pretty easily,Lifestyle,binary,,-0.052,0.043,0.396766,0.392279,-0.00449,1.0,1.0,804,803,No,
easy_getting_up_Wakes up very easily,Easy getting up – Wakes up very easily,Lifestyle,binary,,0.001,0.086,0.232587,0.276463,0.0439,1.0,1.0,804,803,No,
easy_getting_up_dont know,Easy getting up – dont know,Lifestyle,binary,,-0.007,0.004,0.00373134,0.00249066,-0.00124,1.0,1.0,804,803,No,
easy_getting_up_prefer not to answer,Easy getting up – prefer not to answer,Lifestyle,binary,,-0.003,0.003,0.00124378,0.00124533,1.55e-06,1.0,1.0,804,803,No,
tobacco_past_how_often_I never smoked,Tobacco past how often – I never smoked,Lifestyle,binary,,-0.08,0.017,0.450249,0.418431,-0.0318,1.0,1.0,804,803,No,
tobacco_past_how_often_I only tried once or twice,Tobacco past how often – I only tried once or twice,Lifestyle,binary,,-0.049,0.012,0.116915,0.0983811,-0.0185,1.0,1.0,804,803,No,
tobacco_past_how_often_I smoked most or all days,Tobacco past how often – I smoked most or all days,Lifestyle,binary,,-0.018,0.044,0.106965,0.119552,0.0126,1.0,1.0,804,803,No,
tobacco_past_how_often_I smoked sometimes,Tobacco past how often – I smoked sometimes,Lifestyle,binary,,-0.041,0.032,0.16791,0.163138,-0.00477,1.0,1.0,804,803,No,
tobacco_past_how_often_prefer not to answer,Tobacco past how often – prefer not to answer,Lifestyle,binary,,-0.009,0.006,0.00621891,0.00498132,-0.00124,1.0,1.0,804,803,No,
shift_work_Always,Shift work always,Lifestyle,binary,,-0.014,0.014,0.0211443,0.0211706,2.63e-05,1.0,1.0,804,803,No,
shift_work_no,Shift work no,Lifestyle,binary,,-0.028,0.064,0.65796,0.676214,0.0183,1.0,1.0,804,803,No,
shift_work_prefer not to answer,Shift work – prefer not to answer,Lifestyle,binary,,-0.011,0.016,0.0174129,0.0199253,0.00251,1.0,1.0,804,803,No,
shift_work_sometimes,Shift work sometimes,Lifestyle,binary,,-0.035,0.02,0.0883085,0.0809465,-0.00736,1.0,1.0,804,803,No,
shift_work_usually,Shift work usually,Lifestyle,binary,,-0.012,0.017,0.0223881,0.0249066,0.00252,1.0,1.0,804,803,No,
liver_sound_speed,Liver sound speed,Liver,continuous,0.235,0.147,0.323,1559.03,1565.58,,1.8e-07,2e-06,1002,1000,Yes,m/s
liver_viscosity,Liver viscosity,Liver,continuous,-0.072,-0.16,0.016,1.55742,1.54242,,0.095,0.348,1002,1000,No,
liver_elasticity,Liver elasticity,Liver,continuous,0.094,0.006,0.182,4.56523,4.64671,,0.082,0.348,1002,1000,No,
bt__alkaline_phosphatase,Alkaline phosphatase,Liver,continuous,-0.084,-0.25,0.082,59.1195,57.0775,,0.147,0.379,295,267,No,
bt__platelets,Platelets,Liver,continuous,-0.055,-0.143,0.033,240.874,236.654,,0.172,0.379,994,985,No,
bt__protein_total,Protein total,Liver,continuous,-0.05,-0.21,0.11,3.28739,3.11362,,0.439,0.804,320,283,No,
liver_attenuation,Liver attenuation,Liver,continuous,0.005,-0.082,0.093,0.385407,0.385853,,0.687,0.811,1002,1000,No,
bt__ast_got,Ast got,Liver,continuous,-0.041,-0.193,0.112,9.86,9.40581,,0.666,0.811,350,316,No,
bt__albumin,Albumin,Liver,continuous,-0.05,-0.209,0.109,1.96157,1.85554,,0.738,0.811,322,289,No,
bt__bilirubin_total,Bilirubin total,Liver,continuous,0.056,-0.124,0.236,0.471536,0.490994,,0.589,0.811,250,226,No,
bt__alt_gpt,Alt gpt,Liver,continuous,0.024,-0.12,0.167,2.07268,2.23209,,0.851,0.851,399,349,No,
 PES PLANUS,Pes planus,Medical conditions,binary,,-0.001,0.003,0.0,0.000967118,0.000967,1.0,1.0,1034,1034,No,
ADHD,Attention deficit hyperactivity disorder (ADHD),Medical conditions,binary,,-0.042,0.018,0.147969,0.136364,-0.0116,1.0,1.0,1034,1034,No,
AV. Conduction Disorder,AV. Conduction Disorder,Medical conditions,binary,,-0.004,0.004,0.00193424,0.00193424,0.0,1.0,1.0,1034,1034,No,
Allergy,Allergy,Medical conditions,binary,,-0.033,0.037,0.205996,0.20793,0.00193,1.0,1.0,1034,1034,No,
Anal Fissure,Anal Fissure,Medical conditions,binary,,-0.017,0.022,0.0522244,0.0551257,0.0029,1.0,1.0,1034,1034,No,
Anal abscess,Anal abscess,Medical conditions,binary,,0.001,0.013,0.00193424,0.00870406,0.00677,1.0,1.0,1034,1034,No,
Anxiety,Anxiety,Medical conditions,binary,,-0.027,0.006,0.0425532,0.0319149,-0.0106,1.0,1.0,1034,1034,No,
Asthma,Asthma,Medical conditions,binary,,-0.023,0.011,0.0444874,0.0386847,-0.0058,1.0,1.0,1034,1034,No,
B12 Deficiency,B12 Deficiency,Medical conditions,binary,,-0.033,0.006,0.0618956,0.0483559,-0.0135,1.0,1.0,1034,1034,No,
Back Pain,Back Pain,Medical conditions,binary,,-0.046,0.015,0.156673,0.141199,-0.0155,1.0,1.0,1034,1034,No,
Breast fibrocystic change,Breast fibrocystic change,Medical conditions,binary,,-0.005,0.003,0.00290135,0.00193424,-0.000967,1.0,1.0,1034,1034,No,
Depression,Depression,Medical conditions,binary,,-0.014,0.016,0.0309478,0.0319149,0.000967,1.0,1.0,1034,1034,No,
Fractures,Fractures,Medical conditions,binary,,-0.015,0.03,0.0715667,0.0793037,0.00774,1.0,1.0,1034,1034,No,
Gallbladder Polyp,Gallbladder Polyp,Medical conditions,binary,,-0.001,0.005,0.0,0.00193424,0.00193,1.0,1.0,1034,1034,No,
Gestational diabetes,Gestational diabetes,Medical conditions,binary,,-0.004,0.002,0.00193424,0.000967118,-0.000967,1.0,1.0,1034,1034,No,
Glaucoma,Glaucoma,Medical conditions,binary,,-0.008,0.006,0.00773694,0.00676983,-0.000967,1.0,1.0,1034,1034,No,
Goiter,Goiter,Medical conditions,binary,,-0.005,0.008,0.00483559,0.00676983,0.00193,1.0,1.0,1034,1034,No,
Haemangioma,Haemangioma,Medical conditions,binary,,-0.003,0.003,0.000967118,0.000967118,0.0,1.0,1.0,1034,1034,No,
Haemorrhoids,Haemorrhoids,Medical conditions,binary,,-0.064,0.004,0.203095,0.173114,-0.03,1.0,1.0,1034,1034,No,
Headache,Headache,Medical conditions,binary,,-0.016,0.014,0.0319149,0.0309478,-0.000967,1.0,1.0,1034,1034,No,
Hearing loss,Hearing loss,Medical conditions,binary,,-0.009,0.021,0.0280464,0.0338491,0.0058,1.0,1.0,1034,1034,No,
Hypercoagulability ,Hypercoagulability,Medical conditions,binary,,-0.003,0.009,0.00386847,0.00676983,0.0029,1.0,1.0,1034,1034,No,
Insomnia,Insomnia,Medical conditions,binary,,-0.024,-0.001,0.0232108,0.0106383,-0.0126,1.0,1.0,1034,1034,No,
Intervertebral disc stenosis cervical region,Intervertebral disc stenosis cervical region,Medical conditions,binary,,-0.001,0.005,0.0,0.00193424,0.00193,1.0,1.0,1034,1034,No,
Iron Defficiency,Iron Defficiency,Medical conditions,binary,,-0.003,0.007,0.00193424,0.00386847,0.00193,1.0,1.0,1034,1034,No,
Lactose Intolerance,Lactose Intolerance,Medical conditions,binary,,-0.002,0.008,0.00193424,0.00483559,0.0029,1.0,1.0,1034,1034,No,
Meniscus Tears,Meniscus Tears,Medical conditions,binary,,-0.009,0.003,0.00676983,0.00386847,-0.0029,1.0,1.0,1034,1034,No,
Ocular Hypertension,Ocular Hypertension,Medical conditions,binary,,-0.004,0.002,0.00193424,0.000967118,-0.000967,1.0,1.0,1034,1034,No,
Oral apthae,Oral apthae,Medical conditions,binary,,-0.018,0.014,0.0357834,0.0338491,-0.00193,1.0,1.0,1034,1034,No,
Overweight,Overweight,Medical conditions,binary,,-0.001,0.003,0.0,0.000967118,0.000967,1.0,1.0,1034,1034,No,
PTSD,Post-traumatic stress disorder (PTSD),Medical conditions,binary,,-0.005,0.001,0.00193424,0.0,-0.00193,1.0,1.0,1034,1034,No,
Perimenopausal Disorders,Perimenopausal Disorders,Medical conditions,binary,,-0.008,0.01,0.00967118,0.0106383,0.000967,1.0,1.0,1034,1034,No,
Renal Stones,Renal Stones,Medical conditions,binary,,-0.003,0.001,0.000967118,0.0,-0.000967,1.0,1.0,1034,1034,No,
Retinal detachment,Retinal detachment,Medical conditions,binary,,-0.011,0.005,0.0106383,0.00773694,-0.0029,1.0,1.0,1034,1034,No,
Sinusitis,Sinusitis,Medical conditions,binary,,-0.024,0.007,0.0386847,0.0299807,-0.0087,1.0,1.0,1034,1034,No,
Tinnitus,Tinnitus,Medical conditions,binary,,-0.004,0.004,0.00193424,0.00193424,0.0,1.0,1.0,1034,1034,No,
Urinary Tract Stones,Urinary Tract Stones,Medical conditions,binary,,-0.001,0.014,0.00386847,0.0106383,0.00677,1.0,1.0,1034,1034,No,
Urinary tract infection,Urinary tract infection,Medical conditions,binary,,-0.038,0.028,0.183752,0.178917,-0.00484,1.0,1.0,1034,1034,No,
Uveitis,Uveitis,Medical conditions,binary,,-0.008,-0.0,0.00386847,0.0,-0.00387,1.0,1.0,1034,1034,No,
Anemia,Anemia,Medical conditions,binary,,-0.027,0.019,0.0812379,0.0773694,-0.00387,1.0,1.0,1034,1034,No,
Atherosclerotic,Atherosclerotic,Medical conditions,binary,,-0.007,0.003,0.00386847,0.00193424,-0.00193,1.0,1.0,1034,1034,No,
Atopic Dermatitis,Atopic Dermatitis,Medical conditions,binary,,-0.025,0.009,0.0435203,0.0357834,-0.00774,1.0,1.0,1034,1034,No,
Atrial Fibrillation,Atrial Fibrillation,Medical conditions,binary,,-0.004,0.004,0.00193424,0.00193424,0.0,1.0,1.0,1034,1034,No,
Breast Cancer,Breast Cancer,Medical conditions,binary,,-0.025,-0.0,0.0280464,0.0154739,-0.0126,1.0,1.0,1034,1034,No,
COPD,Chronic obstructive pulmonary disease (COPD),Medical conditions,binary,,-0.002,0.006,0.000967118,0.00290135,0.00193,1.0,1.0,1034,1034,No,
Celiac,Celiac,Medical conditions,binary,,-0.009,0.003,0.00676983,0.00386847,-0.0029,1.0,1.0,1034,1034,No,
Diabetes,Diabetes,Medical conditions,binary,,-0.002,0.017,0.00870406,0.016441,0.00774,1.0,1.0,1034,1034,No,
Endometriosis and Adenomyosis,Endometriosis and Adenomyosis,Medical conditions,binary,,-0.019,0.017,0.0454545,0.0444874,-0.000967,1.0,1.0,1034,1034,No,
FMF,Familial Mediterranean fever (FMF),Medical conditions,binary,,-0.006,0.0,0.00290135,0.0,-0.0029,1.0,1.0,1034,1034,No,
Fatty Liver Disease,Fatty Liver Disease,Medical conditions,binary,,-0.005,0.021,0.0203095,0.0280464,0.00774,1.0,1.0,1034,1034,No,
Fibromyalgia,Fibromyalgia,Medical conditions,binary,,-0.018,0.003,0.0183752,0.0106383,-0.00774,1.0,1.0,1034,1034,No,
G6PD,G6PD deficiency,Medical conditions,binary,,-0.011,0.005,0.0106383,0.00773694,-0.0029,1.0,1.0,1034,1034,No,
Gallstone Disease,Gallstone Disease,Medical conditions,binary,,-0.011,0.019,0.0299807,0.0338491,0.00387,1.0,1.0,1034,1034,No,
Gout,Gout,Medical conditions,binary,,-0.0,0.006,0.0,0.00290135,0.0029,1.0,1.0,1034,1034,No,
Hashimoto,Hashimoto,Medical conditions,binary,,-0.009,0.007,0.00870406,0.00773694,-0.000967,1.0,1.0,1034,1034,No,
Heart valve disease,Heart valve disease,Medical conditions,binary,,-0.011,0.004,0.00967118,0.00580271,-0.00387,1.0,1.0,1034,1034,No,
Hypercholesterolaemia,Hypercholesterolaemia,Medical conditions,binary,,-0.007,0.005,0.00483559,0.00386847,-0.000967,1.0,1.0,1034,1034,No,
Hyperlipidemia,Hyperlipidemia,Medical conditions,binary,,-0.027,0.035,0.15087,0.154739,0.00387,1.0,1.0,1034,1034,No,
Hyperparathyroidism,Hyperparathyroidism,Medical conditions,binary,,-0.005,0.005,0.00290135,0.00290135,0.0,1.0,1.0,1034,1034,No,
Hypertension,Hypertension,Medical conditions,binary,,-0.022,0.018,0.0589942,0.05706,-0.00193,1.0,1.0,1034,1034,No,
IBD,Inflammatory bowel disease (IBD),Medical conditions,binary,,-0.006,0.002,0.00290135,0.000967118,-0.00193,1.0,1.0,1034,1034,No,
IBS,Irritable bowel syndrome (IBS),Medical conditions,binary,,-0.018,0.022,0.0560928,0.0580271,0.00193,1.0,1.0,1034,1034,No,
Ischemic Heart Disease,Ischemic Heart Disease,Medical conditions,binary,,-0.004,0.008,0.00386847,0.00580271,0.00193,1.0,1.0,1034,1034,No,
Lymphoma,Lymphoma,Medical conditions,binary,,-0.003,0.001,0.000967118,0.0,-0.000967,1.0,1.0,1034,1034,No,
Melanoma,Melanoma,Medical conditions,binary,,-0.009,0.003,0.00580271,0.00290135,-0.0029,1.0,1.0,1034,1034,No,
Migraine,Migraine,Medical conditions,binary,,-0.043,0.002,0.0851064,0.0647969,-0.0203,1.0,1.0,1034,1034,No,
Myocarditis,Myocarditis,Medical conditions,binary,,-0.003,0.003,0.000967118,0.000967118,0.0,1.0,1.0,1034,1034,No,
Obesity,Obesity,Medical conditions,binary,,-0.005,0.013,0.00967118,0.0135397,0.00387,1.0,1.0,1034,1034,No,
Osteoarthritis,Osteoarthritis,Medical conditions,binary,,-0.017,0.011,0.0299807,0.0270793,-0.0029,1.0,1.0,1034,1034,No,
Peptic Ulcer Disease,Peptic Ulcer Disease,Medical conditions,binary,,-0.016,0.004,0.016441,0.0106383,-0.0058,1.0,1.0,1034,1034,No,
Polycystic Ovary Disease,Polycystic Ovary Disease,Medical conditions,binary,,-0.005,0.028,0.0309478,0.0425532,0.0116,1.0,1.0,1034,1034,No,
Prediabetes,Prediabetes,Medical conditions,binary,,-0.004,0.037,0.049323,0.065764,0.0164,1.0,1.0,1034,1034,No,
Psoriasis,Psoriasis,Medical conditions,binary,,-0.021,0.004,0.0251451,0.016441,-0.0087,1.0,1.0,1034,1034,No,
Sleep Apnea,Sleep Apnea,Medical conditions,binary,,-0.012,0.004,0.0106383,0.00676983,-0.00387,1.0,1.0,1034,1034,No,
Thalassemia,Thalassemia,Medical conditions,binary,,-0.011,-0.0,0.00676983,0.000967118,-0.0058,1.0,1.0,1034,1034,No,
Thyroid Adenoma,Thyroid Adenoma,Medical conditions,binary,,-0.003,0.005,0.00193424,0.00290135,0.000967,1.0,1.0,1034,1034,No,
Vitiligo,Vitiligo,Medical conditions,binary,,-0.003,0.009,0.00290135,0.00580271,0.0029,1.0,1.0,1034,1034,No,
ACEINHIBITORSCOMBINATIONS,"ACE inhibitors, combinations",Medications,binary,,-0.003,0.001,0.000967118,0.0,-0.000967,1.0,1.0,1034,1034,No,
ACEINHIBITORSPLAIN,"ACE inhibitors, plain",Medications,binary,,-0.005,0.012,0.00773694,0.0116054,0.00387,1.0,1.0,1034,1034,No,
ADRENERGICSINHALANTS,"Adrenergics, inhalants",Medications,binary,,-0.017,-0.0,0.0135397,0.00483559,-0.0087,1.0,1.0,1034,1034,No,
ANGIOTENSINIIRECEPTORBLOCKERSARBsCOMBINATIONS,"Angiotensin II receptor blockers (ARBs), combinations",Medications,binary,,-0.004,0.01,0.00483559,0.00773694,0.0029,1.0,1.0,1034,1034,No,
ANGIOTENSINIIRECEPTORBLOCKERSARBsPLAIN,"Angiotensin II receptor blockers (ARBs), plain",Medications,binary,,-0.01,0.004,0.00870406,0.00580271,-0.0029,1.0,1.0,1034,1034,No,
ANTIDEPRESSANTS,Antidepressants,Medications,binary,,-0.04,0.003,0.0783366,0.0599613,-0.0184,1.0,1.0,1034,1034,No,
ANTIEPILEPTICS,Antiepileptics,Medications,binary,,-0.01,0.003,0.00773694,0.00386847,-0.00387,1.0,1.0,1034,1034,No,
ANTIGLAUCOMAPREPARATIONSANDMIOTICS,Antiglaucoma preparations and miotics,Medications,binary,,-0.001,0.005,0.0,0.00193424,0.00193,1.0,1.0,1034,1034,No,
ANTIGOUTPREPARATIONS,Antigout preparations,Medications,binary,,-0.003,0.003,0.000967118,0.000967118,0.0,1.0,1.0,1034,1034,No,
ANTIHISTAMINESFORSYSTEMICUSE,Antihistamines for systemic use,Medications,binary,,-0.014,0.003,0.0125725,0.00676983,-0.0058,1.0,1.0,1034,1034,No,
ANTIMIGRAINEPREPARATIONS,Antimigraine preparations,Medications,binary,,-0.006,0.006,0.00483559,0.00483559,0.0,1.0,1.0,1034,1034,No,
ANTITHROMBOTICAGENTS,Antithrombotic agents,Medications,binary,,-0.012,0.008,0.0135397,0.0116054,-0.00193,1.0,1.0,1034,1034,No,
ANTITHYROIDPREPARATIONS,Antithyroid preparations,Medications,binary,,-0.001,0.003,0.0,0.000967118,0.000967,1.0,1.0,1034,1034,No,
ANXIOLYTICS,Anxiolytics,Medications,binary,,-0.006,0.002,0.00290135,0.000967118,-0.00193,1.0,1.0,1034,1034,No,
ASCORBICACIDVITAMINCINCLCOMBINATIONS,"Ascorbic acid (vitamin C), incl. combinations",Medications,binary,,-0.008,0.015,0.016441,0.0203095,0.00387,1.0,1.0,1034,1034,No,
BETABLOCKINGAGENTS,Beta blocking agents,Medications,binary,,-0.012,0.006,0.0116054,0.00870406,-0.0029,1.0,1.0,1034,1034,No,
BLOODGLUCOSELOWERINGDRUGSEXCLINSULINS,"Blood glucose lowering drugs, excl. insulins",Medications,binary,,-0.015,0.009,0.0212766,0.0183752,-0.0029,1.0,1.0,1034,1034,No,
CALCIUMSUPPLEMENTS,Calcium supplements,Medications,binary,,-0.032,0.005,0.0531915,0.0396518,-0.0135,1.0,1.0,1034,1034,No,
DECONGESTANTSANDOTHERNASALPREPARATIONSFORTOPICALUSE,Decongestants and other nasal preparations for topical use,Medications,binary,,-0.001,0.005,0.0,0.00193424,0.00193,1.0,1.0,1034,1034,No,
DRUGSAFFECTINGBONESTRUCTUREANDMINERALIZATION,Drugs affecting bone structure and mineralization,Medications,binary,,-0.018,0.003,0.0193424,0.0116054,-0.00774,1.0,1.0,1034,1034,No,
DRUGSFORPEPTICULCERANDGASTROOESOPHAGEALREFLUXDISEASEGORD,Drugs for peptic ulcer and gastro-oesophageal reflux disease (GORD),Medications,binary,,-0.019,0.004,0.0222437,0.0145068,-0.00774,1.0,1.0,1034,1034,No,
ESTROGENSSEXHORMONESANDMODULATORSOFTHEGENITALSYSTEM,"Estrogens, sex hormones and modulators of the genital system",Medications,binary,,-0.021,0.017,0.0512573,0.049323,-0.00193,1.0,1.0,1034,1034,No,
HORMONALCONTRACEPTIVESFORSYSTEMICUSE,Hormonal contraceptives for systemic use,Medications,binary,,-0.027,-0.004,0.0261122,0.0106383,-0.0155,1.0,1.0,1034,1034,No,
HORMONEANTAGONISTSANDRELATEDAGENTS,Hormone antagonists and related agents,Medications,binary,,-0.01,0.007,0.0106383,0.00870406,-0.00193,1.0,1.0,1034,1034,No,
HYPNOTICSANDSEDATIVES,Hypnotics and sedatives,Medications,binary,,-0.01,0.008,0.0106383,0.00967118,-0.000967,1.0,1.0,1034,1034,No,
IRONANTIANEMICPREPARATIONS,Iron antianemic preparations,Medications,binary,,-0.015,0.011,0.0232108,0.0212766,-0.00193,1.0,1.0,1034,1034,No,
LIPIDMODIFYINGAGENTSCOMBINATIONS,"Lipid modifying agents, combinations",Medications,binary,,-0.008,0.008,0.00870406,0.00870406,0.0,1.0,1.0,1034,1034,No,
LIPIDMODIFYINGAGENTSPLAIN,"Lipid modifying agents, plain",Medications,binary,,-0.026,0.018,0.0744681,0.0705996,-0.00387,1.0,1.0,1034,1034,No,
OTHERANALGESICSANDANTIPYRETICSinATC,Other analgesics and antipyretics,Medications,binary,,-0.001,0.005,0.0,0.00193424,0.00193,1.0,1.0,1034,1034,No,
OTHERGYNECOLOGICALSinATC,Other gynecologicals,Medications,binary,,-0.008,0.004,0.00580271,0.00386847,-0.00193,1.0,1.0,1034,1034,No,
OTHERMINERALSUPPLEMENTSinATC,Other mineral supplements,Medications,binary,,-0.035,0.008,0.0744681,0.0609284,-0.0135,1.0,1.0,1034,1034,No,
OTHERPLAINVITAMINPREPARATIONSinATC,Other plain vitamin preparations,Medications,binary,,-0.004,0.006,0.00290135,0.00386847,0.000967,1.0,1.0,1034,1034,No,
OTHERSEXHORMONESANDMODULATORSOFTHEGENITALSYSTEMinATC,Other sex hormones and modulators of the genital system,Medications,binary,,-0.002,0.006,0.000967118,0.00290135,0.00193,1.0,1.0,1034,1034,No,
OTHERSYSTEMICDRUGSFOROBSTRUCTIVEAIRWAYDISEASESinATC,Other systemic drugs for obstructive airway diseases,Medications,binary,,-0.003,0.001,0.000967118,0.0,-0.000967,1.0,1.0,1034,1034,No,
PROGESTOGENSEXHORMONESANDMODULATORSOFTHEGENITALSYSTEM,Progestogen sex hormones and modulators of the genital system,Medications,binary,,-0.011,0.005,0.00967118,0.00676983,-0.0029,1.0,1.0,1034,1034,No,
PROGESTOGENSANDESTROGENSINCOMBINATION,Progestogens and estrogens in combination,Medications,binary,,-0.009,0.018,0.0222437,0.0270793,0.00484,1.0,1.0,1034,1034,No,
PSYCHOSTIMULANTSAGENTSUSEDFORADHDANDNOOTROPICS,"Psychostimulants, agents used for ADHD and nootropics",Medications,binary,,-0.007,0.011,0.0106383,0.0125725,0.00193,1.0,1.0,1034,1034,No,
SELECTIVECALCIUMCHANNELBLOCKERSWITHMAINLYVASCULAREFFECTS,Selective calcium channel blockers with mainly vascular effects,Medications,binary,,-0.007,0.007,0.00580271,0.00580271,0.0,1.0,1.0,1034,1034,No,
THYROIDPREPARATIONS,Thyroid preparations,Medications,binary,,-0.034,0.001,0.049323,0.032882,-0.0164,1.0,1.0,1034,1034,No,
UROLOGICALS,Urologicals,Medications,binary,,-0.001,0.003,0.0,0.000967118,0.000967,1.0,1.0,1034,1034,No,
VITAMINAANDDINCLCOMBINATIONSOFTHETWO,"Vitamin A and D, incl. combinations of the two",Medications,binary,,-0.041,0.012,0.116054,0.101547,-0.0145,1.0,1.0,1034,1034,No,
VITAMINBn12nANDFOLICACID,Vitamin B12 and folic acid,Medications,binary,,-0.023,0.015,0.0551257,0.0512573,-0.00387,1.0,1.0,1034,1034,No,
VITAMINBn1nPLAINANDINCOMBINATIONWITHVITAMINBn6nANDBn12n,"Vitamin B1, plain and in combination with vitamin B6 and B12",Medications,binary,,-0.012,0.005,0.0116054,0.00773694,-0.00387,1.0,1.0,1034,1034,No,
VITAMINKANDOTHERHEMOSTATICS,Vitamin K and other hemostatics,Medications,binary,,-0.001,0.009,0.00193424,0.00580271,0.00387,1.0,1.0,1034,1034,No,
health_satisfaction,Health satisfaction,Mental health,continuous,0.256,0.161,0.352,4.34229,4.54877,,4.7e-07,6.1e-06,856,851,Yes,ordinal (questionnaire)
tired_or_little_energy_fortnight,Tired or little energy fortnight,Mental health,continuous,-0.2,-0.296,-0.105,1.14539,0.986967,,0.00017,0.001,846,844,Yes,ordinal (questionnaire)
happiness_level,Happiness level,Mental health,continuous,0.169,0.073,0.265,4.26159,4.37634,,0.002,0.007,841,837,Yes,ordinal (questionnaire)
rds_score,RDS score,Mental health,continuous,-0.124,-0.221,-0.028,3.16706,2.89078,,0.074,0.242,838,824,No,ordinal (questionnaire)
fidgety_or_restless_fortnight,Fidgety or restless fortnight,Mental health,continuous,-0.088,-0.184,0.007,0.936095,0.870968,,0.132,0.344,845,837,No,ordinal (questionnaire)
little_interest_or_pleasure_fortnight,Little interest or pleasure fortnight,Mental health,continuous,-0.081,-0.177,0.015,0.560191,0.505938,,0.168,0.363,839,842,No,ordinal (questionnaire)
depressed_hopeless_fortnight,Depressed hopeless fortnight,Mental health,continuous,-0.085,-0.181,0.01,0.5962,0.537545,,0.234,0.385,842,839,No,ordinal (questionnaire)
family_relationship_satisfaction,Family history of relationship satisfaction,Mental health,continuous,0.051,-0.044,0.146,4.53747,4.57969,,0.273,0.385,854,847,No,ordinal (questionnaire)
financial_situation_satisfaction,Financial situation satisfaction,Mental health,continuous,0.059,-0.036,0.154,4.31228,4.36385,,0.296,0.385,855,841,No,ordinal (questionnaire)
friendships_satisfaction,Friendships satisfaction,Mental health,continuous,0.079,-0.017,0.174,4.48239,4.54567,,0.294,0.385,852,843,No,ordinal (questionnaire)
work_satisfaction,Work satisfaction,Mental health,continuous,0.069,-0.031,0.169,4.5323,4.58679,,0.359,0.424,774,772,No,ordinal (questionnaire)
depressed_longest_period_weeks,Depressed longest period weeks,Mental health,continuous,-0.042,-0.139,0.056,4.96411,4.39581,,0.893,0.968,808,811,No,ordinal (questionnaire)
depressed_whole_week_periods,Depressed whole week periods,Mental health,continuous,-0.059,-0.157,0.038,1.56807,1.25031,,0.991,0.991,808,811,No,ordinal (questionnaire)
depressed_whole_week,Depressed whole week,Mental health,binary,,-0.063,0.031,0.372647,0.356436,-0.0162,1.0,1.0,797,808,No,ordinal (questionnaire)
fed-up_often,Fed-up often,Mental health,binary,,-0.051,0.043,0.343075,0.339286,-0.00379,1.0,1.0,787,784,No,ordinal (questionnaire)
feeling_lonley_often,Feeling lonley often,Mental health,binary,,-0.041,0.03,0.162531,0.157107,-0.00542,1.0,1.0,806,802,No,ordinal (questionnaire)
hyper_least_two_days,Hyper least two days,Mental health,binary,,-0.015,0.029,0.0505549,0.0578818,0.00733,1.0,1.0,811,812,No,ordinal (questionnaire)
irritable_person,Irritable person,Mental health,binary,,-0.011,0.06,0.135593,0.159794,0.0242,1.0,1.0,767,776,No,ordinal (questionnaire)
irritablilty_leading_to_argumens,Irritablilty leading to argumens,Mental health,binary,,-0.027,0.047,0.167506,0.177136,0.00963,1.0,1.0,794,796,No,ordinal (questionnaire)
miserable_no_reason,Miserable no reason,Mental health,binary,,-0.083,0.01,0.363524,0.326708,-0.0368,1.0,1.0,806,805,No,ordinal (questionnaire)
mood_swings,Mood swings,Mental health,binary,,-0.056,0.036,0.34125,0.33125,-0.01,1.0,1.0,800,800,No,ordinal (questionnaire)
nerves_anxiety_tension_depression_doctor,Nerves anxiety tension depression doctor,Mental health,binary,,-0.07,0.014,0.274463,0.246738,-0.0277,1.0,1.0,838,843,No,ordinal (questionnaire)
nerves_anxiety_tension_depression_psychiatrist,Nerves anxiety tension depression psychiatrist,Mental health,binary,,-0.059,0.011,0.178195,0.154211,-0.024,1.0,1.0,853,843,No,ordinal (questionnaire)
nervous_person,Nervous person,Mental health,binary,,-0.015,0.046,0.100372,0.11596,0.0156,1.0,1.0,807,802,No,ordinal (questionnaire)
risks_taker,Risks taker,Mental health,binary,,-0.017,0.085,0.21673,0.250474,0.0337,1.0,1.0,526,527,No,ordinal (questionnaire)
suffer_nerves,Suffer nerves,Mental health,binary,,-0.037,0.019,0.0957055,0.0869565,-0.00875,1.0,1.0,815,805,No,ordinal (questionnaire)
tense_or_highly_strung,Tense or highly strung,Mental health,binary,,-0.081,0.003,0.260256,0.221374,-0.0389,1.0,1.0,780,786,No,ordinal (questionnaire)
troubled_by_guilt,Troubled by guilt,Mental health,binary,,-0.064,0.021,0.265586,0.243995,-0.0216,1.0,1.0,802,791,No,ordinal (questionnaire)
unenjoyment_uninterested_whole_week,Unenjoyment uninterested whole week,Mental health,binary,,-0.045,0.036,0.197461,0.192935,-0.00453,1.0,1.0,709,736,No,ordinal (questionnaire)
worrier,Worrier,Mental health,binary,,-0.109,-0.012,0.584352,0.524173,-0.0602,1.0,1.0,818,786,No,ordinal (questionnaire)
worry_long_after_embarrassment,Worry long after embarrassment,Mental health,binary,,-0.128,-0.027,0.521108,0.443559,-0.0775,1.0,1.0,758,753,No,ordinal (questionnaire)
bt__creatinine,Creatinine,Renal function,continuous,0.294,0.138,0.451,0.727456,0.758177,,7.9e-05,0.00032,338,299,Yes,mg/dL
bt__potassium,Potassium,Renal function,continuous,-0.063,-0.223,0.097,4.45176,4.42962,,0.431,0.782,316,286,No,
bt__sodium,Sodium,Renal function,continuous,0.009,-0.151,0.17,139.927,139.947,,0.729,0.782,315,285,No,
bt__urea,Urea,Renal function,continuous,0.027,-0.139,0.193,28.5719,28.7646,,0.782,0.782,301,258,No,
heart_rate_mean_during_wake,Heart rate mean during wake,Sleep,continuous,-0.333,-0.433,-0.232,66.0198,63.5441,,2.1e-09,8.8e-08,781,773,Yes,bpm
heart_rate_mean_during_rem,Heart rate mean during REM,Sleep,continuous,-0.319,-0.42,-0.218,64.1926,61.8203,,1.4e-09,8.8e-08,767,763,Yes,bpm
heart_rate_mean_during_sleep,Heart rate mean during sleep,Sleep,continuous,-0.321,-0.422,-0.221,62.2693,59.8994,,1.9e-09,8.8e-08,776,770,Yes,bpm
heart_rate_mean_during_nrem,Heart rate mean during NREM,Sleep,continuous,-0.322,-0.423,-0.221,62.1999,59.8402,,3.6e-09,1.1e-07,767,764,Yes,bpm
heart_rate_min_during_rem,Heart rate min during REM,Sleep,continuous,-0.301,-0.402,-0.2,50.2065,48.1808,,1.5e-08,3e-07,767,763,Yes,bpm
heart_rate_max_during_nrem,Heart rate max during NREM,Sleep,continuous,-0.282,-0.382,-0.181,94.2996,91.5245,,1.3e-08,3e-07,767,764,Yes,bpm
heart_rate_min_during_sleep,Heart rate min during sleep,Sleep,continuous,-0.272,-0.372,-0.171,48.6044,46.8857,,5.2e-08,9.3e-07,776,770,Yes,bpm
heart_rate_max_during_sleep,Heart rate max during sleep,Sleep,continuous,-0.233,-0.333,-0.133,96.3022,93.9968,,1e-06,1.6e-05,776,770,Yes,bpm
heart_rate_min_during_wake,Heart rate min during wake,Sleep,continuous,-0.247,-0.347,-0.148,46.6513,44.5096,,2.5e-06,3.1e-05,781,773,Yes,bpm
heart_rate_max_during_wake,Heart rate max during wake,Sleep,continuous,-0.257,-0.357,-0.157,98.6909,95.984,,2.5e-06,3.1e-05,781,773,Yes,bpm
heart_rate_max_during_rem,Heart rate max during REM,Sleep,continuous,-0.238,-0.338,-0.137,93.385,91.0879,,5.1e-06,5.8e-05,767,763,Yes,bpm
heart_rate_min_during_nrem,Heart rate min during NREM,Sleep,continuous,-0.226,-0.327,-0.126,47.5763,46.1145,,1e-05,0.00011,767,764,Yes,bpm
quality_score_pat,Quality score pat,Sleep,continuous,-0.066,-0.166,0.033,98.5625,98.2759,,0.003,0.032,781,773,Yes,
total_light_sleep_time,Total light sleep time,Sleep,continuous,-0.087,-0.186,0.013,12930.8,12625.4,,0.026,0.233,781,773,No,
percent_of_light_sleep_time,Percent of light sleep time,Sleep,continuous,-0.112,-0.212,-0.012,59.0266,57.9911,,0.038,0.284,767,765,No,
percent_of_supine_sleep,Percent of supine sleep,Sleep,continuous,-0.107,-0.208,-0.006,45.807,43.3749,,0.039,0.284,755,744,No,
percent_of_non_supine_sleep,Percent of non supine sleep,Sleep,continuous,0.107,0.006,0.208,54.193,56.6251,,0.039,0.284,755,744,No,
time_to_transition_wake_to_nrem,Time to transition wake to NREM,Sleep,continuous,0.075,-0.024,0.175,269.971,279.271,,0.045,0.311,781,773,No,
variability_between_sleep_stage_percents,Variability between sleep stage percents,Sleep,continuous,-0.096,-0.197,0.004,18.7217,18.1281,,0.055,0.342,767,765,No,
total_non_supine_sleep_time,Total non supine sleep time,Sleep,continuous,0.092,-0.01,0.193,11962.7,12485.4,,0.055,0.342,755,744,No,
percent_of_deep_sleep_time,Percent of deep sleep time,Sleep,continuous,0.102,0.002,0.202,17.2479,17.7628,,0.064,0.379,767,765,No,
quality_score_sbp,Quality score sbp,Sleep,continuous,0.149,0.049,0.248,93.7994,95.0989,,0.073,0.396,781,773,No,
quality_score_spo2,Quality score SpO2,Sleep,continuous,0.025,-0.075,0.124,97.881,98.0363,,0.071,0.396,781,773,No,
desaturations_mean_nadir,Desaturations mean nadir,Sleep,continuous,0.078,-0.022,0.178,89.1063,90.1081,,0.079,0.414,772,769,No,
percent_of_rem_sleep_time,Percent of REM sleep time,Sleep,continuous,0.07,-0.03,0.17,23.7137,24.154,,0.104,0.478,767,765,No,
total_study_time,Total study time,Sleep,continuous,-0.034,-0.133,0.065,24985.6,24826.1,,0.112,0.478,781,773,No,
total_time_in_bed,Total time in bed,Sleep,continuous,-0.034,-0.133,0.065,24985.6,24826.1,,0.112,0.478,781,773,No,
saturation_max_value,Saturation max value,Sleep,continuous,0.105,0.005,0.205,98.8316,98.9064,,0.104,0.478,772,769,No,
sleep_latency,Sleep latency,Sleep,continuous,-0.077,-0.176,0.023,900.134,874.269,,0.112,0.478,781,773,No,
total_supine_sleep_time,Total supine sleep time,Sleep,continuous,-0.077,-0.178,0.024,9589.09,9182.0,,0.115,0.478,755,744,No,
percent_of_right_sleep,Percent of right sleep,Sleep,continuous,0.087,-0.014,0.189,19.8426,21.2234,,0.12,0.485,755,744,No,
number_of_transitions_rem_to_wake,Number of transitions REM to wake,Sleep,continuous,0.054,-0.046,0.153,0.966709,1.011,,0.136,0.517,781,773,No,
desaturations_above_20,Desaturations above 20,Sleep,continuous,-0.055,-0.155,0.044,0.0819462,0.0478655,,0.137,0.517,781,773,No,
total_arousal_sleep_time,Total arousal sleep time,Sleep,continuous,-0.044,-0.143,0.056,22052.9,21856.9,,0.142,0.521,781,773,No,
odi_during_supine,ODI during supine,Sleep,continuous,0.012,-0.091,0.114,3.82555,3.89895,,0.149,0.532,734,717,No,
total_right_sleep_time,Total right sleep time,Sleep,continuous,0.07,-0.032,0.171,4403.11,4652.88,,0.168,0.582,755,744,No,
rem_latency,REM latency,Sleep,continuous,-0.013,-0.113,0.087,4676.46,4645.01,,0.174,0.586,767,763,No,
total_sleep_time,Total sleep time,Sleep,continuous,-0.028,-0.128,0.071,22261.6,22135.1,,0.199,0.637,781,773,No,
total_valid_arrhythmia_sleep_time,Total valid arrhythmia sleep time,Sleep,continuous,-0.031,-0.131,0.068,22187.7,22047.8,,0.194,0.637,781,773,No,
rdi_during_right,Rdi during right,Sleep,continuous,0.023,-0.083,0.129,9.75976,9.94537,,0.21,0.656,671,695,No,
total_rem_sleep_time,Total REM sleep time,Sleep,continuous,0.065,-0.035,0.164,5193.28,5315.3,,0.219,0.669,781,773,No,
ahi_during_supine,AHI during supine,Sleep,continuous,-0.005,-0.108,0.098,9.05353,9.00155,,0.225,0.671,734,717,No,
odi_during_prone,ODI during prone,Sleep,continuous,-0.012,-0.136,0.113,1.74578,1.70157,,0.24,0.699,503,490,No,
ahi_during_left,AHI during left,Sleep,continuous,-0.104,-0.211,0.003,6.06037,5.23726,,0.258,0.717,667,677,No,
total_valid_apnea_central_sleep_time,Total valid apnea central sleep time,Sleep,continuous,0.087,-0.015,0.188,19343.9,19791.9,,0.254,0.717,753,743,No,
rdi_during_prone,Rdi during prone,Sleep,continuous,-0.09,-0.215,0.034,11.0951,10.2095,,0.265,0.721,503,490,No,
total_valid_apnea_sleep_time,Total valid apnea sleep time,Sleep,continuous,-0.009,-0.109,0.09,21158.4,21113.2,,0.278,0.725,781,773,No,
time_to_transition_wake_to_rem,Time to transition wake to REM,Sleep,continuous,0.06,-0.04,0.159,69.1184,76.0737,,0.274,0.725,781,773,No,
percent_of_left_sleep,Percent of left sleep,Sleep,continuous,0.033,-0.068,0.134,19.3344,19.8457,,0.336,0.737,755,744,No,
percent_of_sleep_time,Percent of sleep time,Sleep,continuous,0.01,-0.09,0.109,93.8845,93.9291,,0.331,0.737,781,773,No,
percent_of_wake_time,Percent of wake time,Sleep,continuous,-0.01,-0.109,0.09,6.11547,6.07093,,0.331,0.737,781,773,No,
number_of_transitions_wake_to_rem,Number of transitions wake to REM,Sleep,continuous,0.069,-0.03,0.169,0.366837,0.407503,,0.315,0.737,781,773,No,
rdi_during_supine,Rdi during supine,Sleep,continuous,0.013,-0.09,0.116,14.6115,14.7474,,0.297,0.737,734,717,No,
odi_during_right,ODI during right,Sleep,continuous,0.002,-0.104,0.108,1.56062,1.56631,,0.295,0.737,671,695,No,
rdi_during_nrem,Rdi during NREM,Sleep,continuous,-0.077,-0.178,0.024,10.5242,9.96783,,0.333,0.737,759,751,No,
ahi_central_during_nrem,AHI central during NREM,Sleep,continuous,-0.136,-0.24,-0.033,0.488499,0.352063,,0.346,0.737,726,720,No,
total_deep_sleep_time,Total deep sleep time,Sleep,continuous,0.07,-0.03,0.169,3765.62,3858.79,,0.31,0.737,781,773,No,
ahi_during_non_supine,AHI during non supine,Sleep,continuous,-0.039,-0.141,0.064,5.20453,4.95109,,0.339,0.737,732,730,No,
time_to_transition_rem_to_wake,Time to transition REM to wake,Sleep,continuous,0.057,-0.042,0.157,644.944,675.641,,0.348,0.737,781,773,No,
number_of_4_percent_desaturation_apnea_hypopnea_events,Number of 4 percent desaturation apnea hypopnea events,Sleep,continuous,-0.011,-0.111,0.088,15.2926,15.0194,,0.413,0.763,781,773,No,
snore_above_45db,Snore above 45db,Sleep,continuous,-0.064,-0.166,0.037,718.486,624.298,,0.371,0.763,755,744,No,
saturation_mean,Saturation mean,Sleep,continuous,0.055,-0.044,0.155,95.1684,95.2289,,0.413,0.763,772,769,No,
SFI,SFI,Sleep,continuous,0.051,-0.049,0.15,1.54197,3.85302,,0.404,0.763,781,773,No,
ahi_4_percent,AHI 4 percent,Sleep,continuous,-0.027,-0.127,0.073,2.70451,2.59068,,0.4,0.763,772,769,No,
saturation_below_80,Saturation below 80,Sleep,continuous,-0.058,-0.158,0.041,3.83611,0.464424,,0.407,0.763,781,773,No,
time_to_transition_nrem_to_wake,Time to transition NREM to wake,Sleep,continuous,-0.043,-0.142,0.057,1509.85,1479.32,,0.383,0.763,781,773,No,
time_to_transition_nrem_to_rem,Time to transition NREM to REM,Sleep,continuous,-0.023,-0.122,0.077,2294.11,2273.81,,0.41,0.763,781,773,No,
rdi_during_left,Rdi during left,Sleep,continuous,-0.084,-0.191,0.023,11.3258,10.6005,,0.415,0.763,667,677,No,
time_to_transition_rem_to_nrem,Time to transition REM to NREM,Sleep,continuous,0.037,-0.062,0.136,1144.55,1160.29,,0.444,0.805,781,773,No,
desaturations_of_10_20,Desaturations of 10 20,Sleep,continuous,0.02,-0.08,0.119,0.868118,0.912031,,0.465,0.815,781,773,No,
rdi,Rdi,Sleep,continuous,-0.04,-0.14,0.06,11.9415,11.6506,,0.51,0.815,772,769,No,
desaturations_of_2_3,Desaturations of 2 3,Sleep,continuous,-0.04,-0.139,0.06,26.1639,25.1326,,0.512,0.815,781,773,No,
ahi_during_nrem,AHI during NREM,Sleep,continuous,-0.08,-0.181,0.021,5.7372,5.20069,,0.525,0.815,759,751,No,
total_wake_time_after_sleep_onset,Total wake time after sleep onset,Sleep,continuous,-0.018,-0.117,0.082,1451.58,1432.34,,0.544,0.815,781,773,No,
saturation_below_70,Saturation below 70,Sleep,continuous,-0.039,-0.138,0.061,0.024968,0.0116429,,0.52,0.815,781,773,No,
ahi_obstructive_during_nrem,AHI obstructive during NREM,Sleep,continuous,-0.071,-0.174,0.032,5.21944,4.78664,,0.505,0.815,726,720,No,
odi_during_nrem,ODI during NREM,Sleep,continuous,-0.062,-0.162,0.039,1.93931,1.75338,,0.51,0.815,759,751,No,
desaturations_of_4_9,Desaturations of 4 9,Sleep,continuous,-0.017,-0.116,0.083,12.9001,12.588,,0.508,0.815,781,773,No,
number_of_all_respiratory_events,Number of all respiratory events,Sleep,continuous,-0.039,-0.139,0.06,70.0058,68.2115,,0.548,0.815,781,773,No,
odi,Oxygen desaturation index (ODI),Sleep,continuous,-0.029,-0.129,0.071,2.46678,2.36445,,0.491,0.815,772,769,No,
number_of_desaturation_events,Number of desaturation events,Sleep,continuous,-0.009,-0.108,0.09,14.0115,13.826,,0.496,0.815,781,773,No,
rdi_during_non_supine,Rdi during non supine,Sleep,continuous,-0.026,-0.128,0.077,10.1329,9.94981,,0.536,0.815,732,730,No,
sleep_efficiency,Sleep efficiency,Sleep,continuous,0.011,-0.089,0.11,88.774,88.8316,,0.538,0.815,781,773,No,
ahi_central_during_rem,AHI central during REM,Sleep,continuous,-0.089,-0.192,0.014,0.472831,0.392285,,0.542,0.815,726,720,No,
quality_score_heart_rate,Quality score heart rate,Sleep,continuous,-0.016,-0.115,0.084,99.7277,99.6914,,0.557,0.819,781,773,No,
csr_percent,Csr percent,Sleep,continuous,0.034,-0.068,0.135,0.0380559,0.115986,,0.574,0.834,751,740,No,
odi_during_non_supine,ODI during non supine,Sleep,continuous,-0.03,-0.132,0.073,1.55855,1.47921,,0.59,0.848,732,730,No,
premature_beats_per_minute,Premature beats per minute,Sleep,continuous,0.011,-0.088,0.111,0.105666,0.112846,,0.607,0.862,781,773,No,
rdi_during_rem,Rdi during REM,Sleep,continuous,-0.022,-0.123,0.079,16.6839,16.4789,,0.667,0.926,759,751,No,
snore_above_50db,Snore above 50db,Sleep,continuous,-0.081,-0.182,0.02,377.746,301.254,,0.662,0.926,755,744,No,
total_wake_time,Total wake time,Sleep,continuous,-0.02,-0.12,0.079,2690.41,2666.02,,0.73,0.935,781,773,No,
ahi_central,AHI central,Sleep,continuous,-0.139,-0.242,-0.037,0.498284,0.370286,,0.716,0.935,740,735,No,
total_left_sleep_time,Total left sleep time,Sleep,continuous,0.007,-0.094,0.109,4344.51,4371.08,,0.689,0.935,755,744,No,
saturation_min_value,Saturation min value,Sleep,continuous,0.02,-0.08,0.12,87.7351,87.8251,,0.683,0.935,772,769,No,
number_of_wakes,Number of wakes,Sleep,continuous,-0.027,-0.126,0.072,5.72855,5.64295,,0.724,0.935,781,773,No,
snore_db_mean,Snore dB mean,Sleep,continuous,-0.05,-0.151,0.051,40.6007,40.5491,,0.714,0.935,755,743,No,
snore_above_60db,Snore above 60db,Sleep,continuous,-0.024,-0.125,0.077,82.7245,78.3065,,0.7,0.935,755,744,No,
total_prone_sleep_time,Total prone sleep time,Sleep,continuous,0.032,-0.069,0.133,2767.55,2896.34,,0.733,0.935,755,744,No,
number_of_mixed_apneas_3_percent,Number of mixed apneas 3 percent,Sleep,continuous,-0.035,-0.134,0.064,39.0685,37.5647,,0.813,0.937,781,773,No,
saturation_below_or_equal_88,Saturation below or equal 88,Sleep,continuous,-0.036,-0.135,0.064,24.9501,17.1468,,0.766,0.937,781,773,No,
ahi_during_right,AHI during right,Sleep,continuous,-0.003,-0.109,0.103,5.07982,5.05718,,0.76,0.937,671,695,No,
number_of_apnea_hypopnea_events,Number of apnea hypopnea events,Sleep,continuous,-0.035,-0.134,0.064,39.0685,37.5647,,0.813,0.937,781,773,No,
number_of_transitions_nrem_to_wake,Number of transitions NREM to wake,Sleep,continuous,-0.056,-0.155,0.044,4.60948,4.44243,,0.773,0.937,781,773,No,
number_of_obstructive_apnea_hypopnea_events,Number of obstructive apnea hypopnea events,Sleep,continuous,-0.022,-0.123,0.079,36.326,35.4334,,0.795,0.937,753,743,No,
ahi_obstructive_during_rem,AHI obstructive during REM,Sleep,continuous,-0.023,-0.127,0.08,9.68851,9.46756,,0.779,0.937,726,720,No,
odi_during_left,ODI during left,Sleep,continuous,-0.06,-0.167,0.047,1.74959,1.54419,,0.794,0.937,667,677,No,
number_of_transitions_wake_to_nrem,Number of transitions wake to NREM,Sleep,continuous,-0.047,-0.146,0.053,4.21831,4.07827,,0.817,0.937,781,773,No,
ahi_during_rem,AHI during REM,Sleep,continuous,-0.023,-0.124,0.078,10.261,10.0326,,0.78,0.937,759,751,No,
number_of_transitions_rem_to_nrem,Number of transitions REM to NREM,Sleep,continuous,-0.01,-0.109,0.09,3.48848,3.47477,,0.771,0.937,781,773,No,
number_of_central_apnea_hypopnea_events,Number of central apnea hypopnea events,Sleep,continuous,-0.135,-0.236,-0.034,2.64343,1.99798,,0.839,0.937,753,743,No,
percent_of_prone_sleep,Percent of prone sleep,Sleep,continuous,0.036,-0.065,0.137,12.4707,13.1096,,0.831,0.937,755,744,No,
total_atrial_fibrillation_time,Total atrial fibrillation time,Sleep,continuous,-0.063,-0.162,0.037,23.3572,4.73739,,0.846,0.937,781,773,No,
atrial_fibrillation_longest_event,Atrial fibrillation longest event,Sleep,continuous,-0.048,-0.148,0.051,4.12868,2.21928,,0.847,0.937,781,773,No,
ahi_obstructive,AHI obstructive,Sleep,continuous,-0.044,-0.146,0.058,6.23385,5.94214,,0.863,0.947,740,735,No,
snore_above_70db,Snore above 70db,Sleep,continuous,-0.043,-0.144,0.058,0.671523,0.407258,,0.882,0.959,755,744,No,
ahi_3_percent,AHI 3 percent,Sleep,continuous,-0.04,-0.14,0.06,6.754,6.46205,,0.913,0.959,772,769,No,
ahi_during_prone,AHI during prone,Sleep,continuous,-0.065,-0.19,0.059,5.95531,5.37455,,0.9,0.959,503,490,No,
ahi,Apnoea-hypopnoea index (AHI),Sleep,continuous,-0.04,-0.14,0.06,6.754,6.46205,,0.913,0.959,772,769,No,
snore_threshold,Snore threshold,Sleep,continuous,0.003,-0.097,0.102,42.2055,42.2348,,0.893,0.959,781,773,No,
odi_during_rem,ODI during REM,Sleep,continuous,0.001,-0.099,0.102,4.0211,4.02954,,0.939,0.97,759,751,No,
snore_above_40db,Snore above 40db,Sleep,continuous,-0.017,-0.118,0.085,5342.75,5264.84,,0.936,0.97,755,744,No,
hypoxic_burden,Hypoxic burden,Sleep,continuous,-0.036,-0.135,0.064,3068.81,2951.16,,0.99,0.994,772,769,No,
saturation_below_85,Saturation below 85,Sleep,continuous,-0.056,-0.155,0.044,11.3668,2.29301,,0.983,0.994,781,773,No,
number_of_transitions_nrem_to_rem,Number of transitions NREM to REM,Sleep,continuous,0.007,-0.092,0.107,4.08707,4.09767,,0.98,0.994,781,773,No,
saturation_below_90,Saturation below 90,Sleep,continuous,-0.009,-0.108,0.09,36.5967,34.3221,,0.994,0.994,781,773,No,
