sex,PR_Q4_vs_Q1,ci_low,ci_high,chi2_p
Female,1.448519642006568,1.144347563557123,1.8335418539772148,0.0019331273795406433
Male,2.064271785202018,1.620227542837487,2.6300120757844296,1.4916148647553986e-09
