metric,value,n
ukbb_v2_pearson_r,0.8761645687167366,47400
ukbb_v2_mae_yr,2.8974008708239434,47400
ukbb_v2_n_subjects,47400.0,47400
ukbb_v3_pearson_r,0.8734587492052506,5065
ukbb_v3_mae_yr,2.8329036692173823,5065
